"cruise","station","cast","sample_name","datetime_UTC_start","datetime_UTC_end","latitude_start","longitude_start","latitude_end","longitude_end","depth_bottom","depth_target","depth_TDR","net_max_depth","avg_angle","max_wire_out","wire_rate_out","wire_rate_in","STW_start","SOG_start","STW_end","SOG_end","flowmeter_sn_335","flow_start_335","flow_end_335","tot_flow_counts_335","vol_filtered_335","NOAA_335","DNA_335","flowmeter_sn_150","flow_start_150","flow_end_150","tot_flow_counts_150","vol_filtered_150","morph_ID_150","DNA_150","size_fract_150","taxa_pick_150","size_fract_20","haul_factor_10m2_335","haul_factor_10m2_150","haul_factor_100m3_335","haul_factor_100m3_150","comments","primary_flag","secondary_flag"
"EN608","L1","1","EN608_L1_B1",2018-01-31 20:46:13,2018-01-31 20:51:00,41.1947,-70.8826,NA,NA,22,17,18.2,18.42,35,21,10,6,1.47,1.47,NA,NA,28517,651822,661657,9835,77.227,"Y","Y",28519,617432,625697,8265,64.899,"Y","Y","Y","Y","Y",2.385,2.838,1.295,1.541,"Pay-out speed of 10m/min (instead of 20 like NOAA does). We changed the pay-out speed for the rest of the stations too. They were reduced, and maxed out at 30 m/min whereas NOAA goes up to 50--the ship wanted to keep it to 30. Also, because of the chaos with everything and having to deploy the rake, the nets weren't rinsed about an hour after retrieval. SIze fraction samples in tin foil (except 20-100), but in vials for the rest of the cruise.",1,NA
"EN608","L2","4","EN608_L2_B4",2018-02-01 06:24:59,2018-02-01 06:31:00,41.0105,-70.8686,NA,NA,48,43,44,44.26,NA,52,30,16,1.59,1.59,NA,NA,28517,661663,674869,13206,103.697,"Y","Y",28519,625722,637687,11965,93.953,"Y","Y","Y","Y","Y",4.268,4.711,0.964,1.064,"Spilled about 5% of 150um sample. Down at 30 m/min, up at 18 initially then 14 soon after.",1,NA
"EN608","L3","5","EN608_L3_B5",2018-02-01 10:24:59,2018-02-01 10:31:00,40.8435,-70.8872,NA,NA,55,50,54,53.95,30,55,30,18,1.22,1.22,NA,NA,28517,675301,683513,8212,64.483,"Y","Y",28519,637710,643850,6140,48.213,"Y","Y","Y","Y","Y",8.367,11.19,1.551,2.074,"55m payout",1,NA
"EN608","L4","8","EN608_L4_B8",2018-02-01 20:08:01,2018-02-01 20:14:00,40.6829,-70.8819,NA,NA,67,62,63,63.65,35,73,30,20,1.22,1.22,NA,NA,28517,683506,696838,13332,104.687,"Y","Y",28519,643853,655705,11852,93.065,"Y","Y","Y","N","Y",6.08,6.839,0.955,1.075,"No picking sample--needed it for 200-500 size fraction that I dumped accidentally",1,NA
"EN608","L5","9","EN608_L5_B9",2018-02-02 00:11:58,2018-02-02 00:20:00,40.5184,-70.9003,NA,NA,78,73,77,76.89,35,89,30,20,1.06,1.06,NA,NA,28517,696846,711272,14426,113.277,"Y","Y",28519,655703,668741,13038,102.378,"Y","Y","Y","Y","Y",6.788,7.51,0.883,0.977,NA,1,NA
"EN608","L6","12","EN608_L6_B12",2018-02-02 11:15:59,NA,40.353,-70.8972,NA,NA,95,90,93,93,30,110,30,20,2.07,2.07,NA,NA,28517,711267,729366,18099,142.119,"Y","Y",28519,668743,683284,14541,114.18,"Y","Y","Y","Y","Y",6.544,8.145,0.704,0.876,"20 um size fractions",NA,NA
"EN608","L11","19","EN608_L11_B19",2018-02-03 18:34:36,NA,39.7599,-70.8901,NA,NA,1650,200,195,195,40,260,30,20,1.84,1.84,NA,NA,28517,729622,771594,41972,329.576,"Y","Y",28519,685484,723906,38422,301.701,"Y","Y","Y","Y","Y",5.917,6.463,0.303,0.331,"Did not include a tunicate and Phronima amphipod in >1000um fraction.",NA,NA
"EN608","L10","21","EN608_L10_B21",2018-02-03 23:44:59,NA,39.9166,-70.8867,NA,NA,460,200,210,210,40,280,30,20,1.67,1.67,NA,NA,28517,771590,812960,41370,324.849,"Y","Y",28519,723908,761560,37652,295.654,"Y","Y","Y","Y","Y",6.465,7.103,0.308,0.338,"Did not include a salp in the >1000um fraction",NA,NA
"EN608","L9","22","EN608_L9_B22",2018-02-04 02:40:00,NA,40.0931,-70.8687,NA,NA,148,140,140,140,NA,190,30,20,1.69,1.69,NA,NA,28517,812959,842254,29295,230.033,"Y","Y",28519,761562,788623,27061,212.491,"Y","Y","Y","Y","Y",6.086,6.589,0.435,0.471,NA,NA,NA
"EN608","L7","23","EN608_L7_B23",2018-02-04 05:49:29,NA,40.2201,-70.866,NA,NA,125,120,104,104,40,145,30,20,1.54,1.54,NA,NA,28517,843350,872924,29574,232.224,"Y","Y",28519,788624,817103,28479,223.625,"Y","Y","Y","Y","Y",4.478,4.651,0.431,0.447,"150 net almost clogged with orangy goo. See if IFCB can see it. 200-500 fraction like fudge--very cohesive.",NA,NA
"EN608","MVCO","30","EN608_MVCO_B30",2018-02-05 00:24:59,NA,41.3201,-70.5718,NA,NA,17,14,14,14,NA,16,10,8,0.02,0.02,NA,NA,28517,872927,881921,8994,70.624,"Y","Y",28519,817104,823745,6641,52.147,"Y","Y","Y","Y","Y",1.982,2.685,1.416,1.918,NA,NA,NA
"AR28B","L1","1","AR28B_L1_R1",2018-04-03 20:52:00,NA,41.185,-70.883,NA,NA,NA,NA,NA,17,NA,17,NA,NA,0.21,0.33,NA,NA,NA,NA,NA,NA,NA,NA,NA,NA,NA,NA,NA,NA,"Y",NA,NA,NA,NA,NA,NA,NA,NA,"OOI Pioneer cruise.",3,"Depth recorder (TDR) data not available. Net max depth was calculated based on wire information (cosine law)."
"AR28B","L2","2","AR28B_L2_R2",2018-04-03 22:25:02,NA,41.031,-70.883,NA,NA,NA,NA,NA,40,NA,40,NA,NA,0.21,0.13,NA,NA,NA,NA,NA,NA,NA,NA,NA,NA,NA,NA,NA,NA,"N",NA,NA,NA,NA,NA,NA,NA,NA,"Cod end broke - no sample. OOI Pioneer cruise.",3,"Depth recorder (TDR) data not available. Net max depth was calculated based on wire information (cosine law). cod end broke."
"AR28B","L3","3","AR28B_L3_R3",2018-04-04 00:25:02,NA,40.864,-70.885,NA,NA,NA,NA,NA,50,NA,50,NA,NA,0.32,0.22,NA,NA,NA,NA,NA,NA,NA,NA,NA,NA,NA,NA,NA,NA,"Y",NA,NA,NA,NA,NA,NA,NA,NA,"OOI Pioneer cruise.",3,"Depth recorder (TDR) data not available. Net max depth was calculated based on wire information (cosine law)."
"AR28B","L4","4","AR28B_L4_R4",2018-04-04 02:19:02,NA,40.697,-70.883,NA,NA,NA,NA,NA,62,NA,62,NA,NA,0.14,0.45,NA,NA,NA,NA,NA,NA,NA,NA,NA,NA,NA,NA,NA,NA,"Y",NA,NA,NA,NA,NA,NA,NA,NA,"OOI Pioneer cruise.",3,"Depth recorder (TDR) data not available. Net max depth was calculated based on wire information (cosine law)."
"AR28B","L5","5","AR28B_L5_R5",2018-04-04 04:30:02,NA,40.529,-70.881,NA,NA,NA,NA,NA,72,NA,72,NA,NA,0.13,1.07,NA,NA,NA,NA,NA,NA,NA,NA,NA,NA,NA,NA,NA,NA,"Y",NA,NA,NA,NA,NA,NA,NA,NA,"OOI Pioneer cruise.",3,"Depth recorder (TDR) data not available. Net max depth was calculated based on wire information (cosine law)."
"AR28B","L10","10","AR28B_L10_R10",2018-04-09 15:45:00,NA,39.94,-70.882,NA,NA,NA,NA,NA,438,NA,438,NA,NA,0.55,0.21,NA,NA,NA,NA,NA,NA,NA,NA,NA,NA,NA,NA,NA,NA,"Y",NA,NA,NA,NA,NA,NA,NA,NA,"OOI Pioneer cruise.",3,"Depth recorder (TDR) data not available. Net max depth was calculated based on wire information (cosine law)."
"AR28B","L11","12","AR28B_L11_R12",2018-04-10 02:55:02,NA,39.773,-70.884,NA,NA,NA,NA,NA,200,NA,200,NA,NA,0.03,0.76,NA,NA,NA,NA,NA,NA,NA,NA,NA,NA,NA,NA,NA,NA,"Y",NA,NA,NA,NA,NA,NA,NA,NA,"Lots of salps. OOI Pioneer cruise.",3,"Depth recorder (TDR) data not available. Net max depth was calculated based on wire information (cosine law)."
"AR28B","L9","17","AR28B_L9_R17",2018-04-10 18:55:02,NA,40.096,-70.885,NA,NA,NA,NA,NA,145,NA,145,NA,NA,0.3,0.23,NA,NA,NA,NA,NA,NA,NA,NA,NA,NA,NA,NA,NA,NA,"Y",NA,NA,NA,NA,NA,NA,NA,NA,"OOI Pioneer cruise.",3,"Depth recorder (TDR) data not available. Net max depth was calculated based on wire information (cosine law)."
"AR28B","L7","27","AR28B_L7_R27",2018-04-11 12:56:02,NA,40.227,-70.885,NA,NA,NA,NA,NA,120,NA,120,NA,NA,0.11,0.16,NA,NA,NA,NA,NA,NA,NA,NA,NA,NA,NA,NA,NA,NA,"Y",NA,NA,NA,NA,NA,NA,NA,NA,"OOI Pioneer cruise.",3,"Depth recorder (TDR) data not available. Net max depth was calculated based on wire information (cosine law)."
"AR28B","L6","28","AR28B_L6_R28",2018-04-11 18:40:02,NA,40.359,-70.885,NA,NA,NA,NA,NA,87,NA,87,NA,NA,0.84,0.37,NA,NA,NA,NA,NA,NA,NA,NA,NA,NA,NA,NA,NA,NA,"Y",NA,NA,NA,NA,NA,NA,NA,NA,"OOI Pioneer cruise.",3,"Depth recorder (TDR) data not available. Net max depth was calculated based on wire information (cosine law)."
"AR28B","L8","37","AR28B_L8_R37",2018-04-12 12:40:02,NA,40.137,-70.775,NA,NA,NA,NA,NA,129,NA,129,NA,NA,0.11,0.33,NA,NA,NA,NA,NA,NA,NA,NA,NA,NA,NA,NA,NA,NA,"Y",NA,NA,NA,NA,NA,NA,NA,NA,"OOI Pioneer cruise.",3,"Depth recorder (TDR) data not available. Net max depth was calculated based on wire information (cosine law)."
"EN617","L1","1","EN617_L1_B1",2018-07-20 18:45:31,2018-07-20 18:53:00,41.203333,-70.887017,NA,NA,23,18,NA,17.68,45,25,20,20,1.25,1.25,NA,NA,28769,229540,242735,13195,103.611,"Y","Y",28770,292938,307531,14593,114.588,"Y","Y","Y","Y","Y",1.706,1.543,0.965,0.873,"Using different winch from last cruise. It doesnt have a wire out or speed reading. Marked off wire lengths with tape. All casts had similar speeds up and down. No TDR data for this cast.",3,"Depth recorder (TDR) data not available. Net max depth was calculated based on wire information (cosine law)."
"EN617","L2","2","EN617_L2_B2",2018-07-20 22:14:54,2018-07-20 22:25:00,41.034783,-70.875367,NA,NA,46,41,35.2,35.28,40,50,20,20,1.73,1.73,NA,NA,28769,242781,259571,16790,131.84,"Y","Y",28770,307532,325943,18411,144.569,"Y","Y","Y","Y","Y",2.676,2.44,0.758,0.692,NA,1,NA
"EN617","L3","5","EN617_L3_B5",2018-07-21 07:38:01,2018-07-21 07:46:00,40.86585,-70.882533,NA,NA,50,45,49.7,49.7,50,70,30,10,1.65,1.65,NA,NA,28769,259588,270914,11326,88.935,"Y","Y",28770,325957,338126,12169,95.555,"Y","Y","Y","Y","Y",5.588,5.201,1.124,1.047,NA,1,NA
"EN617","L4","8","EN617_L4_B8",2018-07-21 15:38:27,2018-07-21 15:49:00,40.706033,-70.871483,NA,NA,65,60,62,62.44,45,84,30,10,1.65,1.65,NA,NA,28769,270924,279987,9063,71.165,"Y","Y",28770,338121,351324,13203,103.674,"Y","Y","Y","Y","Y",8.774,6.023,1.405,0.965,"20-100um size fraction lost.",1,NA
"EN617","L5","9","EN617_L5_B9",2018-07-21 18:04:45,2018-07-21 18:17:00,40.5224,-70.87265,NA,NA,76,71,62,62.43,40,100,10,10,1.24,1.24,NA,NA,28769,279972,299832,19860,155.946,"Y","Y",28770,351329,373301,21972,172.531,"Y","Y","Y","Y","Y",4.003,3.618,0.641,0.58,NA,1,NA
"EN617","L6","12","EN617_L6_B12",2018-07-22 02:53:53,2018-07-22 03:04:00,40.375433,-70.8851,NA,NA,91,86,80,79.91,35,100,20,20,1.27,1.27,NA,NA,28769,299820,313194,13374,105.017,"Y","Y",28770,373306,388644,15338,120.438,"Y","Y","Y","Y","Y",7.609,6.635,0.952,0.83,NA,1,NA
"EN617","L7","13","EN617_L7_B13",2018-07-22 05:50:27,2018-07-22 06:07:00,40.23185,-70.886017,NA,NA,124,119,106,106.29,35,150,30,10,1.27,1.27,NA,NA,28769,313194,338628,25434,199.715,"Y","Y",28770,388653,416822,28169,221.191,"Y","Y","Y","Y","Y",5.322,4.805,0.501,0.452,NA,1,NA
"EN617","L8","14","EN617_L8_B14",2018-07-22 07:43:16,2018-07-22 07:56:00,40.142217,-70.76645,NA,NA,132,127,121,121.4,35,150,30,10,1.24,1.24,NA,NA,28769,338624,358585,19961,156.74,"Y","Y",28770,416816,438905,22089,173.449,"Y","Y","Y","Y","Y",7.745,6.999,0.638,0.577,NA,1,NA
"EN617","L9","17","EN617_L9_B17",2018-07-22 19:06:34,2018-07-22 19:18:00,40.0996,-70.87415,NA,NA,147,142,115,115.56,45,190,20,10,1.83,1.83,NA,NA,28769,358580,377273,18693,146.783,"Y","Y",28770,438888,461026,22138,173.834,"Y","Y","Y","Y","Y",7.873,6.648,0.681,0.575,NA,1,NA
"EN617","L10","18","EN617_L10_B18",2018-07-22 22:38:00,2018-07-22 22:55:00,39.943733,-70.870183,NA,NA,161,156,167,167.34,45,200,15,15,0.49,0.49,NA,NA,28769,377259,403950,26691,209.585,"Y","Y",28770,461024,492198,31174,244.787,"Y","Y","Y","Y","Y",7.984,6.836,0.477,0.409,"Not sure how net went deeper than the bottom depth, unless we headed toward deeper water and got lucky. No mud in net.",1,NA
"EN617","L11","21","EN617_L11_B21",2018-07-23 14:47:01,2018-07-23 15:04:00,39.771317,-70.876533,NA,NA,1687,200,168,168.16,25,200,15,15,1.3,1.3,NA,NA,28769,403965,425655,21690,199.161,"Y","Y",28770,492107,519081,26974,199.161,"Y","Y","Y","Y","Y",8.443,8.443,0.502,0.502,NA,3,"volume sampled calculated based on ship speed and winch wire angle not flowmeter."
"EN617","L11","25A","EN617_L11_B25A",2018-07-24 08:19:46,2018-07-24 08:48:46,39.768483,-70.856617,39.757967,-70.837417,1598,10,11,17.56,45,20,5,10,1.32,1.32,1.94,1.94,28769,425815,471626,45811,345.311,"N","N",28770,519088,570694,51606,345.311,"N","N","N","N","N",0.509,0.509,0.29,0.29,"For flowmeter calibration (and bluefin larvae). Tow yo to 10 m for at least a nm and bridge marked when net in and out. First tow (A) in one direction and second tow (B) in opposite direction. Distance of this tow was 1.099 nm, which is 2035 m. BUT, as I was putting all the numbers together, I realized that the 2nd tow was throwing things off, and it was because they towed with the wind and much faster through the water than the more typical tow (which tow A was). So we are scrapping the calibration from these stations and will tow for a known distance at MVCO (just once because of little current).",3,"volume sampled calculated based on ship speed and winch wire angle not flowmeter."
"EN617","L11","25B","EN617_L11_B25B",2018-07-24 09:24:16,2018-07-24 09:53:01,39.761433,-70.84275,39.770633,-70.860533,1830,10,18,18,45,20,10,10,2.13,2.13,2.26,2.26,28769,471626,561001,89375,552.403,"N","N",28770,570694,648345,77651,552.403,"N","N","N","N","N",0.326,0.326,0.181,0.181,"Flowmeter calibration.",3,"volume sampled calculated based on ship speed and winch wire angle not flowmeter."
"EN617","MVCO","35","EN617_MVCO_B35",2018-07-25 01:43:00,2018-07-25 01:45:00,41.3223,-70.57515,NA,NA,17,12,14,14.63,45,12,5,5,1.92,1.92,NA,NA,28769,560996,569225,8229,64.616,"Y","Y",28770,648348,657166,8818,69.241,"Y","Y","Y","Y","Y",2.264,2.113,1.548,1.444,NA,1,NA
"AR31A","L6","1","AR31A_L6_R1",2018-10-21 08:33:00,2018-10-21 08:56:00,NA,NA,40.386,-70.891,93,83,NA,83,NA,NA,NA,NA,NA,NA,0.71,0.24,NA,NA,NA,NA,NA,NA,NA,NA,NA,NA,NA,NA,"Y",NA,NA,NA,NA,NA,NA,NA,NA,"OOI Pioneer cruise.",3,"Depth recorder (TDR) data not available. Net max depth was calculated based on wire information (cosine law)."
"AR31A","L5","2","AR31A_L5_R2",2018-10-21 10:32:00,2018-10-21 10:50:00,40.514,-70.881,NA,NA,77,69,NA,69,NA,NA,NA,NA,0.7,0.85,NA,NA,NA,NA,NA,NA,NA,NA,NA,NA,NA,NA,NA,NA,"Y",NA,NA,NA,NA,NA,NA,NA,NA,"EtOH green. OOI Pioneer cruise.",3,"Depth recorder (TDR) data not available. Net max depth was calculated based on wire information (cosine law)."
"AR31A","L4","3","AR31A_L4_R3",2018-10-21 12:26:00,2018-10-21 12:45:00,40.696,-70.884,NA,NA,65,57,NA,57,NA,NA,NA,NA,0.86,0.46,NA,NA,NA,NA,NA,NA,NA,NA,NA,NA,NA,NA,NA,NA,"Y",NA,NA,NA,NA,NA,NA,NA,NA,"EtOH green. OOI Pioneer cruise.",3,"Depth recorder (TDR) data not available. Net max depth was calculated based on wire information (cosine law)."
"AR32","L1","1","AR32_L1_B1",2018-11-12 17:01:00,2018-11-12 17:07:00,41.195,-70.883,NA,NA,23,18,NA,18,25,NA,NA,NA,1.96,2.23,NA,NA,28519,834828,844977,10149,79.693,"Y","N",28517,927723,936353,8630,67.765,"Y","N","Y","N","N",2.259,2.656,1.255,1.476,"High phytoplankton content. Ethanol split for morph ID stored in 2 jars (jar 1 of 2 and jar 2 of 2).",3,"Target depth used for net max depth due to unavailable TDR data and wire information."
"AR32","L3","2","AR32_L3_B2",2018-11-12 19:47:00,2018-11-12 20:00:00,40.861,-70.882,NA,NA,54,48,NA,48,25,NA,NA,NA,1.02,0.94,NA,NA,28519,844703,858722,14019,110.081,"Y","N",28517,936353,943442,7089,55.665,"Y","Y","Y","N","N",4.36,8.623,0.908,1.796,"Dense phytoplankton. Dumped 1/2 of 150 um. The sample is split so 1/4 of sample for 2 jars. 1/4 of size fraction.",3,"Target depth used for net max depth due to unavailable TDR data and wire information."
"AR32","L5","3","AR32_L5_B3",2018-11-12 22:50:00,2018-11-12 23:05:00,40.508,-70.883,NA,NA,76,73,NA,73,30,NA,NA,NA,1.89,2.15,NA,NA,28519,858863,872120,13257,104.098,"Y","N",28517,943628,955840,12212,95.892,"N","Y","Y","N","N",7.013,7.613,0.961,1.043,"Part of 150 um spilled about 5% of sample. 2 EtOH jars.",3,"Target depth used for net max depth due to unavailable TDR data and wire information."
"AR32","L6","4","AR32_L6_B4",2018-11-13 00:48:00,2018-11-12 00:59:00,40.361,-70.876,NA,NA,93,88,NA,88,30,NA,NA,NA,1.74,2.05,NA,NA,28519,872119,893234,21115,165.801,"Y","N",28517,955840,971599,15759,123.744,"N","Y","Y","N","N",5.308,7.111,0.603,0.808,"Dumped 1/2 of sample. 1/4 in EtOh.",3,"Target depth used for net max depth due to unavailable TDR data and wire information."
"AR32","L7","5","AR32_L7_B5",2018-11-13 02:52:00,2018-11-12 03:06:00,40.227,-70.877,NA,NA,126,120,NA,120,40,NA,NA,NA,1.57,1.28,NA,NA,28519,893236,919145,25909,203.445,"Y","N",28517,971594,996095,24501,192.389,"N","Y","Y","N","N",5.898,6.237,0.492,0.52,NA,3,"Target depth used for net max depth due to unavailable TDR data and wire information."
"AR32","L10","6","AR32_L10_B6",2018-11-13 05:52:00,2018-11-13 06:20:00,39.941,-70.893,NA,NA,438,200,NA,200,25,NA,20,20,1.07,0.56,NA,NA,28519,919134,947895,28761,225.84,"Y","N",28517,996096,25801,29704,233.244,"N","Y","Y","N","N",8.856,8.575,0.443,0.429,NA,3,"Target depth used for net max depth due to unavailable TDR data and wire information."
"AR32","L11","7","AR32_L11_B7",2018-11-13 08:37:57,2018-11-13 08:57:00,39.776,-70.878,NA,NA,1578,200,NA,200,20,NA,NA,NA,0.77,0.97,NA,NA,28519,947894,977683,29789,233.912,"Y","N",28517,25802,56858,31056,243.861,"N","Y","Y","N","N",8.55,8.201,0.428,0.41,NA,3,"Target depth used for net max depth due to unavailable TDR data and wire information."
"EN627","L2","7","EN627_L2_B7",2019-02-02 08:31:43,2019-02-02 08:37:00,41.0226,-70.8842,NA,NA,46,41,33,33,35,45,20,20,1.77,1.77,NA,NA,28770,319371,323022,3651,84.357,"Y","Y",28519,977698,991511,13813,84.357,"Y","Y","Y","Y","Y",3.912,3.912,1.185,1.185,"There will be 4 drops on TDR. Attempt 1, whinch calibration, bongo 7 (sample), bongo 8 sample). No time between 7 and 8 to remove TDR. 335 um net some sand remained from previous aborted sample despite having multiple rinses. 150 um net seems like a lot of sample, lots of color even when split.",3,"volume sampled calculated based on ship speed and winch wire angle not flowmeter."
"EN627","L3","8","EN627_L3_B8",2019-02-02 10:43:38,2019-02-02 10:49:48,40.8625,-70.8819,40.8636,-70.8852,56,50,43,43,45,60,20,20,2.11,2.11,1.85,1.85,28770,323010,324303,1293,117.374,"Y","Y",28519,991514,3638,12123,117.374,"Y","Y","Y","Y","Y",3.664,3.664,0.852,0.852,"TDR data in file for B7 no time to remove and start new. Long pause at bottom 1min.",3,"volume sampled calculated based on ship speed and winch wire angle not flowmeter."
"EN627","L4","12","EN627_L4_B12",2019-02-02 20:35:34,2019-02-02 20:45:19,40.694892,-70.87184,40.690232,-70.872432,60,60,67,67,45,78,15,20,2.19,2.19,1.18,1.18,28770,324978,341118,16140,192.614,"Y","Y",28769,333731,361818,28087,192.614,"Y","Y","Y","Y","Y",3.478,3.478,0.519,0.519,NA,3,"volume sampled calculated based on ship speed and winch wire angle not flowmeter."
"EN627","L6","16","EN627_L6_B16",2019-02-03 11:33:34,2019-02-03 11:45:19,40.364375,-70.89299,40.36728,-70.899867,95,90,77,77,40,110,20,20,2.19,2.19,1.77,1.77,28770,622988,626858,3870,232.124,"Y","Y",28769,361774,384486,22712,232.124,"Y","Y","Y","Y","Y",3.317,3.317,0.431,0.431,"Port flowmeter taken apart before this cast.",3,"volume sampled calculated based on ship speed and winch wire angle not flowmeter."
"EN627","L7","17","EN627_L7_B17",2019-02-03 14:31:34,2019-02-03 14:50:12,40.227492,-70.889165,40.223787,-70.898028,127,115,94,94,35,133,20,20,2.09,2.09,1.77,1.77,28770,626959,634328,7369,351.298,"Y","Y",28769,384493,392127,7634,351.298,"Y","Y","Y","Y","Y",2.676,2.676,0.285,0.285,"Paused 1 min out at 123m. Pillboy diatoms escaped 335 um ne and were capture on 200 um sieve. Extra 2 minutes near surface because we had to haul back the net to unwrap the 20 um ring net. 20 um ring net was replete with pillbox diatoms. 150 um net had a lot of sample. slight spill 5ml of 2nd 1/2 of 150um split of DNA and MorphID samples.",3,"volume sampled calculated based on ship speed and winch wire angle not flowmeter."
"EN627","L8","19","EN627_L8_B19",2019-02-03 18:56:34,2019-02-03 19:12:04,40.120472,-70.766567,40.115012,-70.76863,135,103,132,132,45,145,20,20,1.9,1.9,1.5,1.5,28770,661338,673688,12350,265.659,"Y","Y",28769,416178,430707,14529,265.659,"Y","Y","Y","Y","Y",4.969,4.969,0.376,0.376,"Re did tow after hitting bottom. 2nd cast 103m target.",3,"volume sampled calculated based on ship speed and winch wire angle not flowmeter."
"EN627","L9","22","EN627_L9_B22",2019-02-04 02:48:49,2019-02-04 03:07:04,40.104692,-70.878587,40.112435,-70.87423,148,110,116,116,50,170,20,20,1.79,1.79,2.05,2.05,28770,348247,348573,326,294.683,"Y","Y",28769,437456,469960,32504,294.683,"Y","Y","Y","Y","Y",3.936,3.936,0.339,0.339,"Flowmeter taken apart before tow to fix.Sent down initially but no winch readout. Pulled out, rinsed, fixed, redeployed.",3,"volume sampled calculated based on ship speed and winch wire angle not flowmeter."
"EN627","L10","24","EN627_L10_B24",2019-02-04 07:39:04,2019-02-04 08:05:04,39.938198,-70.884807,39.944832,-70.876267,448,200,196.4,196.67,40,250,20,20,2.04,2.04,1.54,1.54,28770,348579,384822,36243,478.456,"Y","Y",28769,469964,473220,3256,478.456,"Y","Y","Y","Y","Y",4.111,4.111,0.209,0.209,"20 um net bioluminescence. 150 um was full of pillbox diatoms (cosscinodiscus). Salp and pheronima seen went into NOAA split.",3,"volume sampled calculated based on ship speed and winch wire angle not flowmeter."
"EN627","L11","25","EN627_L11_B25",2019-02-04 10:36:19,2019-02-04 11:13:19,39.77296,-70.883958,39.791038,-70.883995,1600,200,167,167.7,55,325,20,20,1.88,1.88,1.57,1.57,28770,384819,392016,7197,627.478,"Y","Y",28769,473220,509244,36024,627.478,"Y","Y","Y","Y","Y",2.673,2.673,0.159,0.159,"Bongo first, before CTD or up/downstream. At surface for 3+ min while 20 um was untwisted. Samples frothy, very smelly, loads of diatoms, very challenging to filter over 20 um sieve. Under scope we see more ceratine than previous samples.",3,"volume sampled calculated based on ship speed and winch wire angle not flowmeter."
"EN627","u11c","29","EN627_Lu11c_B29",2019-02-05 03:38:19,2019-02-05 04:09:19,39.78149,-70.527048,39.794687,-70.524907,1627,200,231,231.05,45,300,20,20,2.22,2.22,1.53,1.53,28770,423427,428209,4782,620.803,"Y","Y",28769,532013,557823,25810,620.803,"Y","Y","Y","Y","Y",3.722,3.722,0.161,0.161,NA,3,"volume sampled calculated based on ship speed and winch wire angle not flowmeter."
"EN627","L5","40","EN627_L5_B40",2019-02-05 19:24:04,2019-02-05 19:33:34,40.512102,-70.886,40.507608,-70.881883,76,70,64,64,45,90,20,20,2.78,2.78,2.04,2.04,28770,428649,429118,469,238.236,"Y","Y",28769,557884,573477,15593,238.236,"Y","Y","Y","Y","Y",2.686,2.686,0.42,0.42,NA,3,"volume sampled calculated based on ship speed and winch wire angle not flowmeter."
"EN627","L1","44","EN627_L1_B44",2019-02-06 02:03:04,2019-02-06 02:08:00,41.193605,-70.881818,41.191173,-70.882293,22,18,20,20,45,25,10,9,1.99,1.99,1.77,1.77,28770,450257,459969,9712,88.559,"Y","Y",28769,574284,584117,9833,88.559,"Y","Y","Y","Y","Y",2.258,2.258,1.129,1.129,"Sand lance removed, frozen in baggie.",3,"volume sampled calculated based on ship speed and winch wire angle not flowmeter."
"EN627","MVCO","45","EN627_MVCO_B45",2019-02-06 04:40:14,2019-02-06 04:44:04,41.318197,-70.574758,41.317912,-70.577323,17,13,17,16.97,45,18,10,10,1.55,1.55,1.97,1.97,28770,459968,467989,8021,53.598,"Y","Y",28769,584116,591843,7727,53.598,"Y","Y","Y","Y","Y",3.166,3.166,1.866,1.866,"No sand in sample.",3,"volume sampled calculated based on ship speed and winch wire angle not flowmeter."
"AR34B","L4","2","AR34B_L4_R2",2019-04-15 05:06:00,2019-04-15 05:12:00,40.698,-70.886,40.698,-70.887,65,62,NA,62,NA,NA,NA,NA,0.91,0.08,0.25,0.21,NA,NA,NA,NA,NA,NA,NA,NA,NA,NA,NA,NA,"Y",NA,NA,NA,NA,NA,NA,NA,NA,"OOI Pioneer cruise.",3,"Depth recorder (TDR) data not available. Net max depth was calculated based on wire information (cosine law)."
"AR34B","L3","3","AR34B_L3_R3",2019-04-15 06:47:00,2019-04-15 06:54:00,40.864,-70.883,40.864,-70.884,54,51,NA,51,NA,NA,NA,NA,0.3,0.2,0.14,0.15,NA,NA,NA,NA,NA,NA,NA,NA,NA,NA,NA,NA,"Y",NA,NA,NA,NA,NA,NA,NA,NA,"Jar label has incorrect time. OOI Pioneer cruise.",3,"Depth recorder (TDR) data not available. Net max depth was calculated based on wire information (cosine law)."
"AR34B","L2","4","AR34B_L2_R4",2019-04-15 08:27:00,2019-04-15 08:31:00,41.031,-70.881,41.031,-70.881,46,42,NA,42,NA,NA,NA,NA,0.22,0.64,0.07,0.88,NA,NA,NA,NA,NA,NA,NA,NA,NA,NA,NA,NA,"Y",NA,NA,NA,NA,NA,NA,NA,NA,"Net zeroed halfway up instead of at the weight. OOI Pioneer cruise.",3,"Depth recorder (TDR) data not available. Net max depth was calculated based on wire information (cosine law)."
"AR34B","L1","5","AR34B_L1_R5",2019-04-15 10:05:00,2019-04-15 10:08:00,41.197,-70.883,41.197,-70.883,21,19,NA,19,NA,NA,NA,NA,0.08,0.51,0.09,0.49,NA,NA,NA,NA,NA,NA,NA,NA,NA,NA,NA,NA,"Y",NA,NA,NA,NA,NA,NA,NA,NA,"OOI Pioneer cruise.",3,"Depth recorder (TDR) data not available. Net max depth was calculated based on wire information (cosine law)."
"AR34B","L7","6","AR34B_L7_R6",2019-04-17 03:32:00,2019-04-17 03:40:53,40.226,-70.885,40.226,-70.884,126,123,NA,123,NA,NA,NA,NA,0.14,1.01,0.02,0.33,NA,NA,NA,NA,NA,NA,NA,NA,NA,NA,NA,NA,"Y",NA,NA,NA,NA,NA,NA,NA,NA,"OOI Pioneer cruise.",3,"Depth recorder (TDR) data not available. Net max depth was calculated based on wire information (cosine law)."
"AR34B","L5","7","AR34B_L5_R7",2019-04-17 06:31:00,2019-04-17 06:35:00,40.513,-70.884,40.513,-70.884,76,73,NA,73,NA,NA,NA,NA,0.06,0.83,0.14,0.2,NA,NA,NA,NA,NA,NA,NA,NA,NA,NA,NA,NA,"Y",NA,NA,NA,NA,NA,NA,NA,NA,"Green sample. OOI Pioneer cruise.",3,"Depth recorder (TDR) data not available. Net max depth was calculated based on wire information (cosine law)."
"AR34B","L6","8","AR34B_L6_R8",2019-04-17 08:14:00,2019-04-17 08:20:00,40.364,-70.884,40.364,-70.884,93,90,NA,90,NA,NA,NA,NA,0.12,0.36,0.15,0.24,NA,NA,NA,NA,NA,NA,NA,NA,NA,NA,NA,NA,"Y",NA,NA,NA,NA,NA,NA,NA,NA,"OOI Pioneer cruise.",3,"Depth recorder (TDR) data not available. Net max depth was calculated based on wire information (cosine law)."
"AR34B","L8","9","AR34B_L8_R9",2019-04-18 02:10:00,2019-04-18 02:20:00,40.137,-70.776,40.137,-70.776,133,130,NA,130,NA,NA,NA,NA,0.15,0.02,0.2,0.31,NA,NA,NA,NA,NA,NA,NA,NA,NA,NA,NA,NA,"Y",NA,NA,NA,NA,NA,NA,NA,NA,"Half salps. OOI Pioneer cruise.",3,"Depth recorder (TDR) data not available. Net max depth was calculated based on wire information (cosine law)."
"AR34B","L11","10","AR34B_L11_R10",2019-04-18 06:01:00,2019-04-18 06:14:00,39.775,-70.883,39.775,-70.883,1567,200,NA,200,NA,NA,NA,NA,0.3,0.23,0.19,0.25,NA,NA,NA,NA,NA,NA,NA,NA,NA,NA,NA,NA,"Y",NA,NA,NA,NA,NA,NA,NA,NA,"OOI Pioneer cruise.",3,"Depth recorder (TDR) data not available. Net max depth was calculated based on wire information (cosine law)."
"AR34B","L9","18","AR34B_L9_R18",2019-04-22 05:41:00,2019-04-22 05:51:00,40.099,-70.884,40.099,-70.884,147,144,NA,144,NA,NA,NA,NA,0.2,0.51,0.06,0.69,NA,NA,NA,NA,NA,NA,NA,NA,NA,NA,NA,NA,"Y",NA,NA,NA,NA,NA,NA,NA,NA,"OOI Pioneer cruise.",3,"Depth recorder (TDR) data not available. Net max depth was calculated based on wire information (cosine law)."
"AR34B","L10","21","AR34B_L10_R21",2019-04-22 15:32:00,2019-04-22 15:52:00,NA,NA,NA,NA,445,200,NA,200,NA,NA,NA,NA,NA,NA,NA,NA,NA,NA,NA,NA,NA,NA,NA,NA,NA,NA,NA,NA,"Y",NA,NA,NA,NA,NA,NA,NA,NA,"Cod end of ring net got tangled around the wire, not sure at what point of the tow it happened. No time to redo. Saved what was collected. OOI Pioneer cruise.",3,"Target depth used for net max depth due to unavailable TDR data and wire information."
"EN644","L1","1","EN644_L1_B1",2019-08-20 20:19:00,2019-08-20 20:23:02,41.1934,-70.8845,41.1922,-70.8822,21,16,19,19.21,40,21,11,10,1.67,1.67,1.12,1.12,28769,262262,271642,9380,73.654,"Y","Y",28770,514713,522349,7636,59.96,"Y","Y","Y","Y","Y",2.608,3.204,1.358,1.668,"Rebuilt flowmeter 28769 prior to tow and got it spinning well. Drilling out the little hole in cap that the metal bar sits in fixed it.",1,NA
"EN644","L2","2","EN644_L2_B2",2019-08-21 00:01:02,2019-08-21 00:10:00,41.0276,-70.8794,41.0267,-70.8761,47,43,46,46.11,37,50,5,10,1.31,1.31,1.53,1.53,28769,271643,286703,15060,118.255,"Y","Y",28770,522347,532893,13532,106.264,"Y","Y","Y","Y","Y",3.899,4.339,0.846,0.941,"TDR reading 4m at the surface, needs offset. switched to TDR SN C9446 before rest of cruise. Fixed 150 um flowmeter with correction factor.",1,NA
"EN644","L3","5","EN644_L3_B5",2019-08-21 08:15:02,2019-08-21 08:25:02,40.8648,-70.8748,40.8676,-70.8688,55,50,41,42.16,45,63,10,10,1.57,1.57,1.66,1.66,28769,286699,310266,23567,185.055,"Y","Y",28770,532893,546702,21177,166.29,"Y","Y","Y","Y","Y",2.278,2.535,0.54,0.601,"C9947 TDR also has an offset 5.6 m. Will test both on CTD. Fixed 150 um flowmeter with correction factor.",1,NA
"EN644","L6","7","EN644_L6_B7",2019-08-21 21:12:00,2019-08-21 21:25:00,40.3441,-70.875,40.3378,-70.8751,97,90,89,88.27,55,140,20,20,1.48,1.48,1.89,1.89,28769,312720,338793,26073,204.733,"Y","Y",28770,546716,573688,26972,211.792,"Y","Y","Y","Y","Y",4.311,4.168,0.488,0.472,NA,1,NA
"EN644","L7","8","EN644_L7_B8",2019-08-22 02:51:00,2019-08-22 03:05:00,40.2217,-70.8846,40.2158,-70.8879,128,120,111,111.75,45,170,20,20,1.06,1.06,2.03,2.03,28769,338792,374373,35581,279.392,"Y","Y",28770,573687,606850,33163,260.406,"Y","Y","Y","Y","Y",4,4.291,0.358,0.384,"Tore small net. Still had a sample but not usable for future tows.",1,NA
"EN644","L8","9","EN644_L8_B9",2019-08-22 05:31:01,2019-08-22 05:36:01,40.1212,-70.7736,40.1194,-70.7792,NA,NA,NA,NA,NA,NA,NA,NA,2.91,2.91,2.94,2.94,28769,NA,NA,NA,NA,"N","N",28770,NA,NA,NA,NA,"N","N","N","N","N",NA,NA,NA,NA,"Deployed and recovered without sample. Conditions too rough to re do cast.",3,"no sample."
"EN644","L10","13","EN644_L10_B13",2019-08-22 17:47:01,2019-08-22 18:15:01,39.9319,-70.8849,39.9255,-70.8883,463,200,218,218.15,NA,245,20,20,1.28,1.28,0.63,0.63,28769,457151,493898,36747,288.548,"Y","Y",28770,678146,688109,33020,259.289,"Y","Y","Y","Y","Y",7.56,8.413,0.347,0.386,"Fixed 150 um flowmeter with correction factor.",1,NA
"EN644","L11","17","EN644_L11_B17",2019-08-23 03:07:02,2019-08-23 03:30:02,39.762,-71.0547,39.756,-71.0559,1400,200,203,203.42,NA,250,20,20,1.7,1.7,1.43,1.43,28769,493871,534484,40613,318.905,"Y","Y",28770,306731,345998,39267,308.336,"Y","Y","Y","Y","Y",6.379,6.597,0.314,0.324,"Rebuilt flowmeter 28770 prior to this cast. Been too low for several casts, but wasnt really stiff, now it is smoother.",1,NA
"EN644","L9","18","EN644_L9_B18",2019-08-23 16:15:02,2019-08-23 16:30:02,40.1152,-70.8848,40.1223,-70.886,145,120,122,122.39,40,157,20,20,1.47,1.47,1.63,1.63,28769,423368,452695,29327,230.284,"Y","Y",28770,345998,371379,25381,199.299,"Y","Y","Y","Y","Y",5.315,6.141,0.434,0.502,"Now have 20um net back on (repaired with tape). 3rd attempt to collect sample here. Got a sample.",1,NA
"EN644","L5","22","EN644_L5_B22",2019-08-24 03:21:02,2019-08-24 03:29:00,40.5178,-70.8856,40.5202,-70.8864,77,68,66,65.79,40,83,20,20,0.53,0.53,1.29,1.29,28769,563681,578062,14381,112.924,"Y","Y",28770,371368,384917,13549,106.391,"Y","Y","Y","Y","Y",5.826,6.184,0.886,0.94,"Fixed 5m offset of TDRs so should be good now.",1,NA
"EN644","L4","23","EN644_L4_B23",2019-08-24 04:53:47,2019-08-24 05:04:11,40.6955,-70.888,40.6968,-70.8936,67,55,63,63.7,30,70,20,20,1.27,1.27,0.92,0.92,28769,578068,589238,11170,87.71,"Y","Y",28770,384929,395089,10160,79.779,"Y","Y","Y","Y","Y",7.263,7.985,1.14,1.253,NA,1,NA
"EN644","MVCO","29","EN644_MVCO_B29",2019-08-25 04:43:02,2019-08-25 04:47:02,41.3175,-70.5854,41.3174,-70.5832,20,15,13,13.01,40,18,10,10,1.39,1.39,1.59,1.59,28769,586960,594616,7656,60.117,"Y","Y",28770,391248,396793,5545,43.541,"Y","Y","Y","Y","Y",2.164,2.988,1.663,2.297,"Lots of ctenophores, did our best to remove them, not included in size frac either.",1,NA
"AR38","L3","2","AR38_L3_B2",2019-09-20 20:33:05,2019-09-20 20:39:05,40.856,-70.889,40.854,-70.89,55,50,NA,50,35,NA,30,30,1.52,1.21,1.53,1.88,29914,439818,499256,59438,82.269,"Y","N",29913,600649,622563,21914,172.075,"Y","Y","Y","N","N",6.078,2.906,1.216,0.581,"5% of 150 um spilled.",3,"volume sampled calculated based on ship speed and winch wire angle not flowmeter."
"AR38","L6","8","AR38_L6_B8",2019-09-21 05:06:00,2019-09-21 05:25:05,41.524,-70.672,40.353,-70.893,93,88,80,80,45,NA,30,30,1.99,1.92,0.09,0.49,29914,499256,547568,48312,379.36,"Y","N",29913,622560,660599,38039,298.693,"Y","Y","Y","N","N",2.109,2.678,0.264,0.335,"Holding at 14 m wire out for about 7 mins at 10 m. Non quantitative. Labels in jars note time in UTC wrong, should be 05xx not 06xx.",1,NA
"AR38","L7","9","AR38_L7_B8",2019-09-21 07:10:05,2019-09-21 07:25:00,40.223,-70.882,40.22,-70.89,125,120,121,121,40,NA,30,30,1.82,2.43,1.71,1.64,29914,547571,575057,27486,215.828,"Y","N",29913,660594,687551,26957,211.674,"Y","Y","Y","N","N",5.606,5.716,0.463,0.472,NA,1,NA
"AR38","L9","10","AR38_L9_B10",2019-09-21 09:09:00,2019-09-21 09:27:00,40.096,-70.884,40.095,-70.894,145,140,140,140,35,NA,30,30,0.8,1.69,1.61,1.6,29914,575060,606074,31014,243.531,"Y","N",29913,687554,718549,30995,243.382,"Y","Y","Y","N","N",5.749,5.752,0.411,0.411,"335 um 5-10 ml spilled.",1,NA
"AR38","L10","11","AR38_L10_B11",2019-09-21 11:32:00,2019-09-21 11:59:00,39.936,-70.886,39.935,-70.903,450,200,NA,200,30,NA,30,30,0.21,0.39,1.65,2.21,29914,606673,656777,50104,393.431,"Y","N",29913,718545,769193,50648,397.703,"Y","Y","Y","N","N",5.083,5.029,0.254,0.251,NA,3,"Target depth used for net max depth due to unavailable TDR data and wire information."
"AR38","L11","12","AR38_L11_B12",2019-09-21 15:18:00,2019-09-21 15:43:00,39.771,-70.892,39.774,-70.91,1600,200,NA,200,NA,NA,30,30,1.79,2.64,1.4,2.24,29914,656778,693499,36721,288.344,"Y","N",29913,769193,806102,36909,289.82,"Y","Y","Y","N","N",6.936,6.901,0.347,0.345,"Thin sample. Offshore.",3,"Target depth used for net max depth due to unavailable TDR data and wire information."
"AR38","L4","14","AR38_L4_B14",2019-09-22 02:12:05,2019-09-22 02:20:00,40.702,-70.882,40.704,-70.876,68,60,NA,60,NA,NA,30,30,2.16,1.59,2.46,2.32,29914,693499,713997,20498,160.956,"Y","N",29913,806104,816761,10657,83.682,"Y","Y","Y","N","N",3.728,7.17,0.621,1.195,"335 split into 3 jars (all salps and jelly). Dumped 21/2 150 um purely salps.",3,"Target depth used for net max depth due to unavailable TDR data and wire information."
"AR38","L3","16","AR38_L3_B16",2019-09-22 04:37:00,2019-09-22 04:43:00,40.864,-70.882,40.868,-70.881,53,48,NA,48,35,NA,30,30,1.97,2.01,1.8,2.09,29914,713993,724318,10325,106.624,"Y","N",29913,816706,826788,10082,79.167,"Y","Y","Y","N","N",4.502,6.063,0.938,1.263,"Salpy but not bad as as L4.",3,"volume sampled calculated based on ship speed and winch wire angle not flowmeter."
"AR38","L2","19","AR38_L2_B19",2019-09-22 08:25:00,2019-09-22 08:30:00,41.03,-70.883,41.032,-70.881,45,40,NA,40,35,NA,20,20,1.38,1.59,1.97,2.1,29914,724319,734594,10275,80.682,"Y","N",29913,826790,834309,7519,59.041,"Y","Y","Y","N","N",4.958,6.775,1.239,1.694,NA,3,"Target depth used for net max depth due to unavailable TDR data and wire information."
"AR39B","L1","1","AR39B_L1_R1",2019-10-05 22:57:45,NA,41.195,-70.885,NA,NA,NA,NA,NA,20,NA,20,NA,NA,0,0.09,NA,NA,NA,NA,NA,NA,NA,NA,NA,NA,NA,NA,NA,NA,"Y",NA,NA,NA,NA,NA,NA,NA,NA,"Kept most jellys. OOI Pioneer cruise.",3,"Depth recorder (TDR) data not available. Net max depth was calculated based on wire information (cosine law)."
"AR39B","L2","2","AR39B_L2_R2",2019-10-06 00:30:00,NA,41.03,-70.883,NA,NA,NA,NA,NA,40,NA,40,NA,NA,0.29,0.19,NA,NA,NA,NA,NA,NA,NA,NA,NA,NA,NA,NA,NA,NA,"Y",NA,NA,NA,NA,NA,NA,NA,NA,"Kept most jellys. OOI Pioneer cruise.",3,"Depth recorder (TDR) data not available. Net max depth was calculated based on wire information (cosine law)."
"AR39B","L3","3","AR39B_L3_R3",2019-10-06 02:15:00,NA,40.863,-70.883,NA,NA,NA,NA,NA,49,NA,49,NA,NA,0.34,0.24,NA,NA,NA,NA,NA,NA,NA,NA,NA,NA,NA,NA,NA,NA,"Y",NA,NA,NA,NA,NA,NA,NA,NA,"Kept most jellys. OOI Pioneer cruise.",3,"Depth recorder (TDR) data not available. Net max depth was calculated based on wire information (cosine law)."
"AR39B","L4","4","AR39B_L4_R4",2019-10-06 04:05:00,NA,40.697,-70.884,NA,NA,NA,NA,NA,60,NA,60,NA,NA,0.03,0.24,NA,NA,NA,NA,NA,NA,NA,NA,NA,NA,NA,NA,NA,NA,"Y",NA,NA,NA,NA,NA,NA,NA,NA,"OOI Pioneer cruise.",3,"Depth recorder (TDR) data not available. Net max depth was calculated based on wire information (cosine law)."
"AR39B","L5","5","AR39B_L5_R5",2019-10-06 06:02:00,NA,40.515,-70.885,NA,NA,NA,NA,NA,71,NA,71,NA,NA,0.3,0.18,NA,NA,NA,NA,NA,NA,NA,NA,NA,NA,NA,NA,NA,NA,"Y",NA,NA,NA,NA,NA,NA,NA,NA,"OOI Pioneer cruise.",3,"Depth recorder (TDR) data not available. Net max depth was calculated based on wire information (cosine law)."
"AR39B","L6","6","AR39B_L6_R6",2019-10-06 14:56:30,NA,40.364,-70.883,NA,NA,NA,NA,NA,87,NA,87,NA,NA,0.02,0.33,NA,NA,NA,NA,NA,NA,NA,NA,NA,NA,NA,NA,NA,NA,"Y",NA,NA,NA,NA,NA,NA,NA,NA,"Sat at surface longer. OOI Pioneer cruise.",3,"Depth recorder (TDR) data not available. Net max depth was calculated based on wire information (cosine law)."
"AR39B","L8","7","AR39B_L8_R7",2019-10-07 14:29:00,NA,40.138,-70.774,NA,NA,NA,NA,NA,127,NA,127,NA,NA,0.2,0.97,NA,NA,NA,NA,NA,NA,NA,NA,NA,NA,NA,NA,NA,NA,"Y",NA,NA,NA,NA,NA,NA,NA,NA,"OOI Pioneer cruise.",3,"Depth recorder (TDR) data not available. Net max depth was calculated based on wire information (cosine law)."
"AR39B","L7","8","AR39B_L7_R8",2019-10-07 19:09:00,NA,40.227,-70.883,NA,NA,NA,NA,NA,120,NA,120,NA,NA,0.15,0.58,NA,NA,NA,NA,NA,NA,NA,NA,NA,NA,NA,NA,NA,NA,"Y",NA,NA,NA,NA,NA,NA,NA,NA,"OOI Pioneer cruise.",3,"Depth recorder (TDR) data not available. Net max depth was calculated based on wire information (cosine law)."
"AR39B","L9","9","AR39B_L9_R9",2019-10-08 03:00:00,NA,40.095,-70.887,NA,NA,NA,NA,NA,141,NA,141,NA,NA,0.1,0.97,NA,NA,NA,NA,NA,NA,NA,NA,NA,NA,NA,NA,NA,NA,"Y",NA,NA,NA,NA,NA,NA,NA,NA,"OOI Pioneer cruise.",3,"Depth recorder (TDR) data not available. Net max depth was calculated based on wire information (cosine law)."
"AR39B","L11","10","AR39B_L11_R10",2019-10-08 06:33:00,NA,39.773,-70.886,NA,NA,NA,NA,NA,200,NA,200,NA,NA,0.28,0.98,NA,NA,NA,NA,NA,NA,NA,NA,NA,NA,NA,NA,NA,NA,"Y",NA,NA,NA,NA,NA,NA,NA,NA,"OOI Pioneer cruise.",3,"Depth recorder (TDR) data not available. Net max depth was calculated based on wire information (cosine law)."
"AR39B","L10","11","AR39B_L10_R11",2019-10-08 20:20:00,NA,39.939,-70.882,NA,NA,NA,NA,NA,200,NA,200,NA,NA,0.15,0.42,NA,NA,NA,NA,NA,NA,NA,NA,NA,NA,NA,NA,NA,NA,"Y",NA,NA,NA,NA,NA,NA,NA,NA,"OOI Pioneer cruise.",3,"Depth recorder (TDR) data not available. Net max depth was calculated based on wire information (cosine law)."
"EN649","L1","1","EN649_L1_B1",2020-02-01 18:48:55,2020-02-01 18:53:55,41.2087,-70.8935,41.2107,-70.8945,25,20,20,19.88,35,23,10,10,1.59,1.59,1.49,1.49,28769,845550,846206,7920,62.19,"Y","Y",28770,640118,648038,7920,62.19,"Y","Y","Y","Y","Y",3.197,3.197,1.608,1.608,"Corrected 335 flowmeter value. Observed 29m depth when net at full wire out 22m. New 20um net deployed above bongo. 335 few ctenophores kept with sample. 150 couple jellies again.",1,NA
"EN649","MVCO","2","EN649_MVCO_B2",2020-02-01 23:26:00,2020-02-01 23:31:00,41.3214,-70.5812,41.3206,-70.5837,18,14,17,17.36,25,18,10,10,1.73,1.73,1.2,1.2,28769,846208,846803,5031,39.505,"Y","Y",28770,648036,653067,5031,39.505,"Y","Y","Y","Y","Y",4.394,4.394,2.531,2.531,"Corrected 335 flowmeter value. Several ctenophores but not removed expect only ctenophore goo was in >1000 um size fraction. Worked on 335 flowmeter after this tow will see.",1,NA
"EN649","L2","5","EN649_L2_B5",2020-02-02 09:16:50,2020-02-02 09:28:53,41.0319,-70.8913,41.0332,-70.8974,47,42,44,44.02,40,56,10,10,1.69,1.69,1.87,1.87,28769,878964,899276,20312,159.496,"Y","Y",28770,653068,675629,22561,177.156,"Y","Y","Y","Y","Y",2.76,2.485,0.627,0.564,"Ctenophores present 150um. Many chatognaths. 100-200 fraction had less material than the 20-100 fraction.",1,NA
"EN649","L3","6","EN649_L3_B6",2020-02-02 12:40:05,2020-02-02 12:52:43,40.8632,-70.8917,40.8657,-70.8986,56,51,46,45.76,45,65,10,10,1.86,1.86,1.56,1.56,28769,899274,922408,23134,181.655,"Y","Y",28770,675613,699178,23565,185.039,"Y","Y","Y","Y","Y",2.519,2.473,0.55,0.54,"54 m bottom depth mid tow. Very foamy sample both 150 and 335 um - picture available.",1,NA
"EN649","L7","7","EN649_L7_B7",2020-02-02 23:07:00,2020-02-02 23:25:00,40.2198,-70.8985,40.2159,-70.9112,129,123,108,108.57,50,160,20,20,1.67,1.67,1.89,1.89,28769,922404,957606,35202,276.416,"Y","Y",28770,699500,711278,35202,276.416,"Y","Y","Y","Y","Y",3.928,3.928,0.362,0.362,"Corrected 150 flowmeter values. Removed large salp from 150 um size fraction split.",1,NA
"EN649","L8","8","EN649_L8_B8",2020-02-03 01:36:00,2020-02-03 01:58:00,40.121,-70.8076,40.1117,-70.825,138,133,110,110.26,55,210,20,20,0.99,0.99,1.63,1.63,28769,957606,959262,53150,417.349,"Y","Y",28770,711250,764400,53150,417.349,"Y","Y","Y","Y","Y",2.642,2.642,0.24,0.24,"Corrected 335 flowmeter value. Pretty fast tow. 150 flowmeter numbers may have jumped because some are off centered; rebuilt to fix aligned mouth but not sure when caused. Flow seems reasonable because we were towing fast. 335 flow isnt right took apart again.",1,NA
"EN649","L9","11","EN649_L9_B11",2020-02-03 09:31:54,2020-02-03 09:55:10,40.0902,-70.9232,40.0885,-70.9436,159,154,106,106.48,45,217,20,20,1.47,1.47,1.53,1.53,28769,700177,704997,32889,258.254,"Y","Y",28770,492089,524978,32889,258.254,"Y","Y","Y","Y","Y",4.123,4.123,0.387,0.387,"Corrected 335 flowmeter value. Upon recovery did not seem to be too much sample. 335 few salps and krill. 150 some salpts too large to fit in the small container for 1/4 frozen taxa picking. 335 flow no good.",1,NA
"EN649","L10","12","EN649_L10_B12",2020-02-03 18:22:00,2020-02-03 18:59:00,39.9366,-70.9128,39.9312,-70.9398,452,200,221,221.97,55,325,20,20,1.64,1.64,1.76,1.76,28769,705007,720134,39931,313.55,"Y","Y",28770,524997,564928,39931,313.55,"Y","Y","Y","Y","Y",7.079,7.079,0.319,0.319,"Corrected 335 flowmeter value. Thin sample. Good number of krill. No salps. Warm slope water. 335 flow no good.",1,NA
"EN649","L11","16","EN649_L11_B16",2020-02-04 13:16:12,2020-02-04 13:49:37,39.7693,-70.8872,39.7605,-70.8931,1634,200,244,243.71,50,283,20,20,1.9,1.9,1.67,1.67,28769,720132,772237,52105,409.144,"Y","Y",28770,557036,568279,52105,409.144,"Y","Y","Y","Y","Y",5.957,5.957,0.244,0.244,"Corrected 150 flowmeter values. 335 small krill, clio like shelled pteropod. 150 siphonophore brocts does not appear to be salps. Copepods not abundant. 3/4 split fixed in formalin was divided int 2 pint jars (we ran out of quart jars). 25 mL formalin added to each jar.",1,NA
"EN649","L6","19","EN649_L6_B19",2020-02-05 04:42:00,2020-02-05 04:57:00,40.2961,-70.8693,40.2888,-70.8696,115,105,96,96.46,50,145,20,20,1.84,1.84,1.92,1.92,28769,731444,739106,31076,244.018,"Y","Y",28770,568280,599356,31076,244.018,"Y","Y","Y","Y","Y",3.953,3.953,0.41,0.41,"Corrected 335 flowmeter value. Started tow 4nm south of L6.",1,NA
"EN649","L5","20","EN649_L5_B20",2020-02-05 06:43:55,2020-02-05 06:53:55,40.5154,-70.8769,40.5123,-70.8802,77,72,75,75.25,45,97,20,20,1.23,1.23,1.51,1.51,28769,739103,739934,16870,132.468,"Y","Y",28770,599357,602330,16870,132.468,"Y","Y","Y","Y","Y",5.681,5.681,0.755,0.755,"Corrected 335 and 150 flowmeter value. 150 net full of diatoms and many chaetognaths and some sand lance notable lack of jellies as compared to offshore.",1,NA
"EN649","L4","21","EN649_L4_B21",2020-02-05 09:31:03,2020-02-05 09:39:44,40.6991,-70.8866,40.7024,-70.8897,67,62,58,58.46,45,85,20,20,2.12,2.12,1.73,1.73,28769,739935,745236,18843,147.961,"Y","Y",28770,602335,621178,18843,147.961,"Y","Y","Y","Y","Y",3.951,3.951,0.676,0.676,"Corrected 335 flowmeter value. 335 net sand lance larvae and chaetognaths. 150 net many diatoms large sand lance larvae, chaetognaths.",1,NA
"EN655","L1","1","EN655_L1_B1",2020-07-25 16:19:57,2020-07-25 16:27:00,41.2021,-70.879,41.1997,-70.8768,23,18,21,21.22,60,36,10,10,0.88,0.88,1.38,1.38,29914,19,15274,15255,119.787,"Y","Y",29913,9,15500,15491,121.64,"Y","Y","Y","Y","Y",1.771,1.744,0.835,0.822,NA,1,NA
"EN655","L2","2","EN655_L2_B2",2020-07-25 18:22:57,2020-07-25 18:31:00,41.0298,-70.8748,41.0291,-70.8699,46,40,43,43.39,35,49,10,15,1.69,1.69,1.28,1.28,29914,15274,28765,13491,105.935,"Y","Y",29913,15500,29028,13528,106.226,"Y","Y","Y","Y","Y",4.096,4.085,0.944,0.941,"TDR offset of +6 m not fixed in files yet, but value here is corrected.",1,NA
"EN655","L3","3","EN655_L3_B3",2020-07-25 22:08:57,2020-07-25 22:24:57,40.8478,-70.8811,40.8403,-70.8809,54,49,46,46.24,35,60,10,15,1.4,1.4,1.48,1.48,29914,28765,50030,21265,166.979,"Y","Y",29913,29028,49872,20844,163.673,"Y","Y","Y","Y","Y",2.769,2.825,0.599,0.611,"TDR offset of +6 m in files not fixed, but value here is corrected.",1,NA
"EN655","L4","7","EN655_L4_B7",2020-07-26 11:53:57,2020-07-26 12:02:57,40.6978,-70.8814,40.6945,-70.8839,65,60,52,51.68,30,70,15,15,1.46,1.46,1.69,1.69,29914,50030,69327,19297,151.526,"Y","Y",29913,49872,68660,18788,147.529,"Y","Y","Y","Y","Y",3.411,3.503,0.66,0.678,"TDR offset of +6 m in files not fixed, but value here is corrected.",1,NA
"EN655","L5","10","EN655_L5_B10",2020-07-26 19:39:00,2020-07-26 19:49:00,40.5049,-70.8765,40.5018,-70.8756,78,73,72,72.37,35,90,20,20,1.83,1.83,1.68,1.68,29914,69327,88240,18913,148.51,"Y","Y",29913,68660,85838,17178,134.887,"Y","Y","Y","Y","Y",4.873,5.365,0.673,0.741,"Av angle 35-40.",1,NA
"EN655","L7","11","EN655_L7_B11",2020-07-27 02:04:00,2020-07-27 02:20:00,40.2184,-70.8709,40.2145,-70.8687,128,120,128,128.71,40,140,20,20,1.95,1.95,1.71,1.71,29914,88154,110193,22039,173.057,"N","N",29913,85840,106207,20367,159.928,"Y","Y","Y","N","Y",7.437,8.048,0.578,0.625,"Av angle 45-25. 335 net skimmed the bottom and got mud sand in it, so we couldnt keep sample. 150 sample was good, so used 1/4 split for NOAA but there is no taxa picking sample (but could potentially be done from SIA samples if there is enough material).",1,NA
"EN655","L10","12","EN655_L10_B12",2020-07-27 11:13:00,2020-07-27 11:41:00,39.932,-70.8875,39.9194,-70.8959,460,200,201,201.68,40,280,20,20,1.63,1.63,1.76,1.76,29914,110193,162306,52113,409.206,"Y","Y",29913,106202,157722,51520,404.55,"Y","Y","Y","Y","Y",4.929,4.985,0.244,0.247,"Both nets with very little biomass.",1,NA
"EN655","L9","15","EN655_L9_B15",2020-07-27 22:05:00,2020-07-27 22:25:00,40.0992,-70.8824,40.1009,-70.8729,148,140,148,146.77,50,200,20,20,1.83,1.83,1.23,1.23,29914,NA,NA,NA,NA,"N","N",29913,NA,NA,NA,NA,"N","N","N","N","N",NA,NA,NA,NA,"No sample. Hit bottom. No time to re do.",3,"hit bottom."
"EN655","L6","16","EN655_L6_B16",2020-07-28 02:28:00,2020-07-28 02:38:00,40.1913,-70.8834,40.1913,-70.8834,93,80,60,60.09,45,90,20,20,1.79,1.79,1.24,1.24,29914,194924,212921,17997,141.318,"Y","Y",29913,171493,189319,17826,139.975,"Y","Y","Y","Y","Y",4.252,4.293,0.708,0.714,"Very conservative after last tow and everything seemed fine.",1,NA
"EN657","L1","1","EN657_L1_B1",2020-10-13 18:33:01,2020-10-13 18:38:01,41.2033,-70.8644,41.2034,-70.8621,23,18,NA,16.23,45,25,10,10,1.43,1.43,0.9,0.9,29914,223502,233783,10281,80.729,"N","N",29913,199103,208705,9602,75.398,"Y","Y","Y","Y","N",2.01,2.153,1.239,1.326,"No 20um ring net sample. Cod end of 20um net came off in water no sample. Mesh of 335 cod end came unglued. Non quantitative 335. No TDR file.",3,"Depth recorder (TDR) data not available. Net max depth was calculated based on wire information (cosine law). non quantitative 335 micron sample. no 20um ring net sample."
"EN657","L3","2","EN657_L3_B2",2020-10-14 00:40:01,2020-10-14 00:48:01,40.8553,-70.8755,40.8518,-70.8743,54,49,43,43.32,30,55,13,13,1.31,1.31,1.64,1.64,29914,233783,247899,14116,110.843,"Y","Y",29913,208705,221097,12392,97.306,"Y","Y","Y","Y","Y",3.908,4.452,0.902,1.028,"Used spare 335um cod end. Seastar TDR file contains this + L1 profile.",1,NA
"EN657","L2","5","EN657_L2_B5",2020-10-14 13:39:00,2020-10-14 13:46:00,41.03,-70.8878,41.0306,-70.8912,45,40,31,31.08,20,40,15,15,1.11,1.11,1.68,1.68,29914,247899,258114,10215,80.211,"Y","Y",29913,221099,228625,7526,59.096,"Y","Y","Y","Y","Y",3.875,5.259,1.247,1.692,"Double check TDR for recovery time.",1,NA
"EN657","L4","6","EN657_L4_B6",2020-10-14 18:59:45,2020-10-14 19:09:00,40.6949,-70.8996,40.6942,-70.9052,65,60,55,55.48,35,60,15,15,2.06,2.06,1.86,1.86,29914,258114,272675,14561,114.337,"Y","Y",29913,228625,240434,11809,92.728,"Y","Y","Y","Y","Y",4.852,5.983,0.875,1.078,NA,1,NA
"EN657","L5","7","EN657_L5_B7",2020-10-14 23:50:00,2020-10-15 00:02:00,40.514,-70.8883,40.5105,-70.8921,79,73,66,66.47,30,80,15,15,1.42,1.42,1.46,1.46,29914,272675,290655,17980,141.184,"Y","Y",29913,240434,255835,15401,120.933,"Y","Y","Y","Y","Y",4.708,5.496,0.708,0.827,"Sparse sample.",1,NA
"EN657","L10","9","EN657_L10_B9",2020-10-15 08:42:00,2020-10-15 09:09:00,39.9308,-70.8775,39.9204,-70.8732,457,200,198,197.83,40,250,20,20,1.7,1.7,1.66,1.66,29914,290655,331634,40979,321.779,"Y","Y",29913,255835,290675,34840,273.574,"Y","Y","Y","Y","Y",6.148,7.231,0.311,0.366,"Some external labels may say B8. B8 was aborted due to failed coms on CTD, B9 is correct for all that are labled B8. Internal labels changed.",1,NA
"EN657","L11","12","EN657_L11_B12",2020-10-15 17:08:00,2020-10-15 17:33:00,39.7671,-70.8742,39.7584,-70.8679,1598,200,180,180.69,30,250,20,20,1.02,1.02,1.48,1.48,29914,331634,376182,44548,349.804,"Y","Y",29913,290675,328424,37749,296.416,"Y","Y","Y","Y","Y",5.165,6.096,0.286,0.337,"Non quantitative 335 sample. Mesh on 335 cod end came off in same location, (different end) was glued back in place.",3,"non quantitative 335 micron sample."
"EN657","L9","14","EN657_L9_B14",2020-10-16 10:14:01,2020-10-16 10:30:00,40.1009,-70.8804,40.0973,-70.8746,145,140,123,123.3,30,160,20,20,0.69,0.69,1.4,1.4,29914,376192,402905,26713,209.758,"Y","Y",29913,328420,350886,22466,176.41,"Y","Y","Y","Y","Y",5.878,6.989,0.477,0.567,"Non quantitative 335. 335 new cod end came away from cod end at top of mesh, using gorilla glue to fix in place.",3,"non quantitative 335 micron sample."
"EN657","L8","15","EN657_L8_B15",2020-10-16 12:15:00,2020-10-16 12:32:00,40.128,-70.7654,40.1208,-70.7581,135,130,106.5,106.89,40,165,20,20,1.93,1.93,1.47,1.47,29914,402905,436095,33190,260.618,"Y","Y",29913,350886,377865,26979,211.847,"Y","Y","Y","Y","Y",4.101,5.046,0.384,0.472,"TDR file contains B14 and B18.",1,NA
"EN657","L6","17","EN657_L6_B17",2020-10-17 01:15:00,2020-10-17 01:26:00,40.3733,-70.8941,40.3767,-70.8983,91,85,72,73.56,40,115,20,20,1.98,1.98,1.11,1.11,29914,460207,478678,18471,145.04,"Y","Y",29913,392247,408015,15768,123.815,"Y","Y","Y","Y","Y",5.072,5.941,0.689,0.808,NA,1,NA
"EN657","L7","19","EN657_L7_B19",2020-10-17 06:18:00,2020-10-17 06:28:00,40.2225,-70.8578,40.222,-70.8525,125,120,112,112.09,35,140,20,20,1.68,1.68,1.79,1.79,29914,478675,503595,24920,195.679,"Y","Y",29913,408015,428371,20356,159.841,"Y","Y","Y","Y","Y",5.728,7.013,0.511,0.626,"335 cod end cracked against haul on retreval. None or minimal sample lost.",1,NA
"EN657","MVCO","20","EN657_MVCO_B20",2020-10-18 02:07:00,2020-10-18 02:11:00,41.322,-70.5788,41.3212,-70.5803,17,12,12.7,12.72,35,13,8,8,1.23,1.23,1.27,1.27,29914,503631,509125,5494,43.14,"Y","Y",29913,428403,731731,303328,44.382,"Y","Y","Y","Y","Y",2.949,2.866,2.318,2.253,"150um flowmeter value seems oddly high. New glued cod end.",3,"volume sampled calculated based on ship speed and winch wire angle not flowmeter."
"EN661","L1","1","EN661_L1_B1",2021-02-03 19:31:00,2021-02-03 19:36:00,41.2022,-70.8788,41.2003,-70.8768,21,16,NA,18.13,25,20,10,8,1.68,1.68,1.68,1.68,29914,517121,521758,4637,36.411,"Y","N",29913,441965,445795,3830,30.074,"N","Y","N","Y","Y",4.978,6.027,2.746,3.325,"20 um freeze. Lot of sediments/mud from suspension not bottom sampling .",3,"Depth recorder (TDR) data not available. Net max depth was calculated based on wire information (cosine law)."
"EN661","L2","2","EN661_L2_B2",2021-02-04 02:24:00,2021-02-04 02:36:00,41.0328,-70.8921,41.0354,-70.9001,47,42,NA,42.9,40,56,8,8,1.85,1.85,1.57,1.57,29914,521795,544068,22273,174.894,"Y","N",29913,445795,461945,16150,126.814,"N","Y","N","Y","Y",2.453,3.383,0.572,0.789,"20 um freeze.",3,"Depth recorder (TDR) data not available. Net max depth was calculated based on wire information (cosine law)."
"EN661","L4","5","EN661_L4_B5",2021-02-04 13:24:00,2021-02-04 13:42:00,40.6968,-70.89,40.6983,-70.9009,66,61,NA,52.09,40,68,8,8,1.56,1.56,1.45,1.45,29914,544091,559555,15464,121.428,"Y","N",29913,461944,478375,16431,129.021,"N","Y","N","Y","Y",4.29,4.037,0.824,0.775,"Wire angle changed to 30 right at bottom. Nets were very full. Definitely a lot of plankton but also grit, mud, grass. Formalin samples in 2 jars. 20um frozen sample cast number says B04.",3,"Depth recorder (TDR) data not available. Net max depth was calculated based on wire information (cosine law)."
"EN661","L5","6","EN661_L5_B6",2021-02-04 16:10:00,2021-02-04 16:30:00,40.5146,-70.8933,40.5198,-70.904,77,72,NA,69.28,30,80,10,10,1.28,1.28,1.75,1.75,29914,559526,588712,29186,229.177,"Y","N",29913,478376,505715,27339,214.674,"N","Y","N","Y","Y",3.023,3.227,0.436,0.466,"20 um freeze.",3,"Depth recorder (TDR) data not available. Net max depth was calculated based on wire information (cosine law)."
"EN661","L10","7","EN661_L10_B7",2021-02-05 01:50:00,2021-02-05 02:28:00,39.9396,-70.8898,39.94,-70.9169,440,200,NA,194.45,45,275,20,10,1.67,1.67,0.85,0.85,29914,588715,647752,59037,463.576,"Y","N",29913,505727,561334,55607,436.642,"N","Y","N","Y","Y",4.195,4.453,0.216,0.229,"Jelly in both nets (2 in 150 frozen sample with zooplankton) 1 in 335. 1 in EtOh sample. 20 um frozen.",3,"Depth recorder (TDR) data not available. Net max depth was calculated based on wire information (cosine law)."
"EN661","L11","10","EN661_L11_B10",2021-02-05 13:55:00,2021-02-05 14:33:00,39.7692,-70.8712,39.7574,-70.8677,1594,200,NA,192.84,50,300,20,15,0.87,0.87,1.65,1.65,29914,647742,713571,65829,516.908,"N","N",29913,561336,623673,62337,489.488,"N","Y","N","Y","Y",3.731,3.94,0.193,0.204,"Broke the 335 um cod ends = lost sample. Wrong date on label/stickers (210206 instead of 210205). 20 um frozen.",3,"Depth recorder (TDR) data not available. Net max depth was calculated based on wire information (cosine law)."
"EN661","L3","12","EN661_L3_B12",2021-02-06 15:36:00,2021-02-06 15:52:00,40.8616,-70.8853,40.8542,-70.8887,55,50,NA,53.24,35,65,10,10,1.59,1.59,1.51,1.51,29914,713571,738902,25331,198.906,"Y","N",29913,623665,646855,23190,182.095,"N","Y","N","Y","Y",2.677,2.924,0.503,0.549,"20 um frozen. 1st use of the mesh 335 um cod end.",3,"Depth recorder (TDR) data not available. Net max depth was calculated based on wire information (cosine law)."
"EN661","MVCO","14","EN661_MVCO_B14",2021-02-07 00:59:00,2021-02-07 01:04:00,41.3157,-70.5789,41.3135,-70.579,17,12,NA,12.58,33,15,10,10,1.72,1.72,1.9,1.9,29914,738898,744979,6081,47.75,"Y","N",29913,646855,655530,8675,68.119,"N","Y","N","Y","Y",2.635,1.847,2.094,1.468,"20 um frozen.",3,"Depth recorder (TDR) data not available. Net max depth was calculated based on wire information (cosine law)."
"EN668","L1","1","EN668_L1_B1",2021-07-16 18:47:00,2021-07-16 18:51:00,41.1898,-70.8795,41.188,-70.8788,21,15,NA,16.39,NA,26,10,10,1.83,1.83,1.3,1.3,29914,911698,920053,8355,65.606,"Y","Y",29913,711685,719703,8018,62.96,"Y","Y","Y","Y","Y",2.499,2.604,1.524,1.588,"Accidentally labeled jars w date ""210717"" wrote over external labels w wax pencil. Externals corrected. ETOH changed at 00:00 on 18JUL and again on 09:00 19JUL.",3,"Target depth used for net max depth due to unavailable TDR data and wire information."
"EN668","L2","2","EN668_L2_B2",2021-07-17 05:02:00,2021-07-17 05:21:00,41.0284,-70.8797,41.0208,-70.8799,46,41,NA,40.56,NA,55,10,8,1.81,1.81,1.57,1.57,29914,920061,55985,135923,310.221,"Y","Y",29913,719704,745575,25871,310.221,"Y","Y","Y","Y","Y",1.308,1.308,0.322,0.322,"Was at the surface for several minutes while straightening out 20 um net (started descending at 05:08). Removed fish from 335 um cod end. 2nd ETOH change at 09:00 (local) on 19JUL.",3,"volume sampled calculated based on ship speed and winch wire angle not flowmeter."
"EN668","L4","5","EN668_L4_B5",2021-07-17 13:47:00,2021-07-17 14:12:00,40.6909,-70.8762,40.6773,-70.8705,65,60,NA,60.67,NA,106,12,14,1.8,1.8,1.46,1.46,29914,55985,2472,946486,405.93,"Y","Y",29913,754575,799076,44501,405.93,"Y","Y","Y","Y","Y",1.495,1.495,0.246,0.246,"Centropages typicus - lots of em and blue. Strawberry squid removed and put in formalin 150um. Changed ETOH end time at 09:00 on 19JUL.",3,"volume sampled calculated based on ship speed and winch wire angle not flowmeter."
"EN668","L5","7","EN668_L5_B7",2021-07-17 22:27:00,2021-07-17 22:44:00,40.5145,-70.876,40.5061,-70.8706,76,71,NA,70.68,NA,107,10,10,1.73,1.73,1.95,1.95,29914,2473,49023,46550,365.524,"Y","Y",29913,799079,841969,42890,336.785,"Y","Y","Y","Y","Y",1.934,2.099,0.274,0.297,"ETOH samples smelling rotten at ETOH change on 19JUL at 09:00 salps?",3,"Target depth used for net max depth due to unavailable TDR data and wire information."
"EN668","L10","8","EN668_L10_B8",2021-07-18 08:24:00,2021-07-18 09:01:30,39.909,-70.8957,39.8887,-70.8887,533,200,NA,196.62,NA,375,20,15,2.72,2.72,1.7,1.7,29914,49023,153215,104192,818.146,"Y","Y",29913,841969,943875,101906,800.196,"Y","Y","Y","Y","Y",2.403,2.457,0.122,0.125,"11 calanus from 335. Lots of salps. Winds 15-20 kts. ETOH samples smelling bad salps?",3,"Target depth used for net max depth due to unavailable TDR data and wire information."
"EN668","L11","11","EN668_L11_B11",2021-07-18 17:18:39,2021-07-18 17:45:42,39.762,-70.8786,39.751,-70.8795,1578,200,NA,202.99,NA,255,20,20,1.52,1.52,1.76,1.76,29914,155215,200930,45715,358.967,"Y","Y",29913,943875,989517,45642,358.394,"Y","Y","Y","Y","Y",5.655,5.664,0.279,0.279,"Ann sampling calanus from 335. Actual depth 204m. Ship speed 1.5-2. ETOH changed early due to salp presence and changed one more time.",3,"Target depth used for net max depth due to unavailable TDR data and wire information."
"EN668","L9","14","EN668_L9_B14",2021-07-19 14:38:00,2021-07-19 14:56:00,40.0957,-70.8737,40.0886,-70.8721,147,141,NA,140.49,NA,153,20,15,1.27,1.27,1.92,1.92,29914,200930,236898,35968,282.431,"Y","Y",29913,989517,24278,34760,272.946,"Y","Y","Y","Y","Y",4.974,5.147,0.354,0.366,"Ship speed 2 kt. 1L formalin representative sample of 1/10 335um total volume 10 qt. See cruise notes for details on sub sampling. Sea save file misnamed en668L09B15.",3,"Target depth used for net max depth due to unavailable TDR data and wire information."
"EN668","L8","15","EN668_L8_B15",2021-07-19 15:57:00,2021-07-19 16:25:00,40.1348,-70.7717,40.1254,-70.761,130,125,NA,128.51,NA,180,20,20,2.34,2.34,1.39,1.39,29914,236898,285514,48616,381.747,"Y","Y",29913,24278,72128,47850,375.732,"Y","Y","Y","Y","Y",3.366,3.42,0.262,0.266,"SBE turned off at deployment, unknown error. Held out at surface for 5 min while remedied. Wide wire angle. 129 m depth (boat depth increase during tow). Salpy tow. See cruisenote word doc for sampling notes.",3,"Target depth used for net max depth due to unavailable TDR data and wire information."
"EN668","L7","17","EN668_L7_B17",2021-07-20 07:12:00,2021-07-20 07:32:00,40.2074,-70.9354,40.2047,-70.9485,130,125,NA,123.7,NA,158,20,20,1.66,1.66,2.02,2.02,29914,285514,324537,39023,306.42,"Y","Y",29913,72128,111486,39358,309.05,"Y","Y","Y","Y","Y",4.037,4.002,0.326,0.324,"Max depths 124.5m. Change ETOH at 01:20 UTC on 21JUL.",3,"Target depth used for net max depth due to unavailable TDR data and wire information."
"EN668","L6","18","EN668_L6_B18",2021-07-20 10:07:00,2021-07-20 10:29:00,40.377,-70.8942,40.3901,-70.889,90,85,NA,81.24,NA,140,15,15,1.82,1.82,1.92,1.92,29914,324537,377526,52989,416.085,"Y","Y",29913,111486,163303,51817,406.882,"Y","Y","Y","Y","Y",1.952,1.997,0.24,0.246,"Depth 82m. Salpy but able to split. Change ETOH at 01:20 UTC on 21JUL.",3,"Target depth used for net max depth due to unavailable TDR data and wire information."
"EN668","L3","21","EN668_L3_B21",2021-07-21 03:20:00,2021-07-21 03:32:00,40.8571,-70.8802,40.8558,-70.8722,54,49,NA,51,NA,59,12,10,1.63,1.63,0.92,0.92,29914,377526,187545,810018,176.444,"Y","Y",29913,163303,402015,238712,176.444,"Y","Y","Y","Y","Y",2.89,2.89,0.567,0.567,"Ship speed 1 kt. Actual depth 50m.",3,"volume sampled calculated based on ship speed and winch wire angle not flowmeter."
"EN668","MVCO","25","EN668_MVCO_B25",2021-07-21 11:30:00,2021-07-21 11:36:00,41.3132,-70.5751,41.3098,-70.5744,16,10,NA,16.09,NA,22,10,10,2.1,2.1,1.98,1.98,29914,402051,418711,16660,130.819,"Y","Y",29913,187545,203941,16396,128.746,"Y","Y","Y","Y","Y",1.23,1.25,0.764,0.777,NA,3,"Target depth used for net max depth due to unavailable TDR data and wire information."
"AR61B","L3","3","AR61B_L3_R3",2021-11-09 00:25:00,2021-11-09 00:29:00,40.865,-70.884,40.865,-70.884,54,51,NA,51,NA,NA,NA,NA,0.2,0.72,0.06,1.34,NA,NA,NA,NA,NA,NA,NA,NA,NA,NA,NA,NA,"Y",NA,NA,NA,NA,NA,NA,NA,NA,"EtOH turned orange. OOI Pioneer cruise.",3,"Depth recorder (TDR) data not available. Net max depth was calculated based on wire information (cosine law)."
"AR61B","L5","5","AR61B_L5_R5",2021-11-09 04:43:00,2021-11-09 04:55:00,40.513,-70.884,40.513,-70.884,56,53,NA,53,NA,NA,NA,NA,0.22,0.88,0.19,1.24,NA,NA,NA,NA,NA,NA,NA,NA,NA,NA,NA,NA,"Y",NA,NA,NA,NA,NA,NA,NA,NA,"EtOH turned orange. OOI Pioneer cruise.",3,"Depth recorder (TDR) data not available. Net max depth was calculated based on wire information (cosine law)."
"AR61B","L11","9","AR61B_L11_R9",2021-11-10 03:35:00,2021-11-10 03:50:00,39.772,-70.864,39.772,-70.857,1580,200,NA,200,NA,NA,NA,NA,0.31,0.92,0.33,0.51,NA,NA,NA,NA,NA,NA,NA,NA,NA,NA,NA,NA,"Y",NA,NA,NA,NA,NA,NA,NA,NA,"OOI Pioneer cruise.",3,"Depth recorder (TDR) data not available. Net max depth was calculated based on wire information (cosine law)."
"AR61B","L9","11","AR61B_L9_R11",2021-11-10 14:18:00,2021-11-10 14:29:00,40.098,-70.883,40.098,-70.883,147,144,NA,144,NA,NA,NA,NA,0.19,0.48,0.23,0.23,NA,NA,NA,NA,NA,NA,NA,NA,NA,NA,NA,NA,"Y",NA,NA,NA,NA,NA,NA,NA,NA,"OOI Pioneer cruise.",3,"Depth recorder (TDR) data not available. Net max depth was calculated based on wire information (cosine law)."
"AR61B","L10","7","AR61B_L10_R7",2021-11-10 16:49:00,2021-11-09 17:03:00,40.117,-70.824,39.94,-70.883,443,200,NA,200,NA,NA,NA,NA,10.6,10.31,0.63,0.24,NA,NA,NA,NA,NA,NA,NA,NA,NA,NA,NA,NA,"Y",NA,NA,NA,NA,NA,NA,NA,NA,"OOI Pioneer cruise.",3,"Depth recorder (TDR) data not available. Net max depth was calculated based on wire information (cosine law)."
"AR61B","L6","18","AR61B_L6_R18",2021-11-11 14:27:00,2021-11-11 14:34:00,40.364,-70.883,40.364,-70.883,95,93,NA,93,NA,NA,NA,NA,0.01,0.2,0.02,0.23,NA,NA,NA,NA,NA,NA,NA,NA,NA,NA,NA,NA,"Y",NA,NA,NA,NA,NA,NA,NA,NA,"EtOH turned green. Rhizo on IFCB. OOI Pioneer cruise.",3,"Depth recorder (TDR) data not available. Net max depth was calculated based on wire information (cosine law)."
"AR63","L2","1","AR63_L2_B1",2021-11-26 18:03:00,2021-11-26 18:12:53,41.029127,-70.884557,41.028732,-70.889551,46,40,44,44,40,NA,10,10,1.73,1.14,1.74,1.71,NA,NA,456976,NA,154.237,"N","Y",29913,NA,231398,NA,154.237,"Y","Y","N","N","N",2.853,2.853,0.648,0.648,"Forgot to get flow start. Get TDR time in and out. 150 cod end mesh detached. Non quantitative 150 micron sample.",3,"volume sampled calculated based on ship speed and winch wire angle not flowmeter."
"AR63","L5","2","AR63_L5_B2",2021-11-26 22:20:00,2021-11-26 22:40:00,NA,NA,NA,NA,77,70,64,64,35,NA,15,15,NA,NA,NA,NA,NA,456977,479712,22735,NA,"N","Y",29913,231395,248634,17239,NA,"Y","Y","N","N","N",NA,NA,NA,NA,NA,1,NA
"AR63","L7","7","AR63_L7_B7",2021-11-28 02:20:13,2021-11-28 02:36:51,40.225701,-70.886537,40.22898,-70.89664,125,120,119,119,40,150,20,20,0.56,1.88,0.93,1.86,NA,479723,509386,29663,232.922,"Y","Y",29913,248592,275325,26733,209.915,"Y","Y","Y","Y","N",5.109,5.669,0.429,0.476,NA,1,NA
"AR63","L4","8","AR63_L4_B8",2021-11-28 06:19:00,2021-11-28 06:34:00,40.696569,-70.88303,40.696341,-70.884847,65,60,60,60,35,70,10,10,0.23,0.8,1.03,1.46,NA,509386,533854,24468,192.13,"Y","Y",29913,275325,297125,21800,171.18,"Y","Y","Y","Y","N",3.123,3.505,0.52,0.584,"Ship had stopped instead of 1-2 knots. Net at surface while we waited for ship speed.",1,NA
"AT46","L1","1","AT46_L1_B1",2022-02-16 19:21:00,2022-02-16 19:25:00,41.195,-70.883,41.192,-70.882,21,16,11.2,11.44,45,NA,NA,NA,2.22,2.28,1.43,1.88,29913,309286,318561,9275,72.83,"Y","Y",29914,546694,559396,12702,99.74,"Y","Y","Y","Y","Y",1.571,1.147,1.373,1.003,"150um sample probably non quantitative because there was plankton in the bucket after rinsing and couldnt tell where it came from (no hole noticed in net or cod end mesh problem). No 100 um sieve on this cruise, so there will be no 100-200um size fraction sample, and the 20-100 sample will be 20-150 instead. TDR had offset of +12 m at surface. Switched to other TDR after this cast, which has +4m offset.",3,"non quantitative 150 micron sample."
"AT46","L4","2","AT46_L4_B2",2022-02-17 03:12:00,2022-02-17 03:24:00,40.697,-70.879,40.694,-70.876,65,60,65,65.51,20,NA,NA,NA,0.69,1.28,1.46,1.44,29913,318565,334178,15613,122.598,"Y","N",29914,559402,575867,16465,129.288,"Y","Y","Y","Y","Y",5.343,5.067,0.816,0.773,"Ship was going slow, angle steep. 335 Hit botttom. Sieved out some mud but good bit of sand still (didnt have a 335 sieve to help - used 200). No 335 1/4 split in EtOH. Formalin sample is whole sample. 335 NOA is whole sample not 3/4 split.",1,NA
"AT46","L5","3","AT46_L5_B3",2022-02-17 06:10:00,2022-02-17 06:23:00,40.512,-70.879,40.507,-70.875,76,66,63,62.68,35,NA,NA,NA,1.3,1.8,1.57,2.09,29913,334178,356280,22102,173.551,"Y","Y",29914,575862,600476,24614,193.276,"Y","Y","Y","Y","Y",3.612,3.243,0.576,0.517,NA,1,NA
"AT46","L6","6","AT46_L6_B6",2022-02-17 13:54:00,2022-02-17 14:15:00,40.358,-70.88,40.354,-70.88,94,84,83,83.87,45,NA,10,15,1.59,1.99,3.01,2.27,29913,356282,376312,20030,157.281,"Y","Y",29914,600476,624083,23607,185.369,"Y","Y","Y","Y","Y",5.332,4.524,0.636,0.539,"Nets vertical at 50m wire out. Labels on jar wrong state Bongo cast as B4 (it should be B6) - this was corrected on the elog but not labels.",1,NA
"AT46","L11","7","AT46_L11_B7",2022-02-17 22:43:00,2022-02-17 23:14:00,39.771,-70.877,39.764,-70.861,1600,200,175,175.16,45,280,NA,NA,NA,1.48,NA,2.03,29913,376318,434890,58572,459.924,"Y","Y",29914,624098,685454,61356,481.785,"Y","Y","Y","Y","Y",3.808,3.636,0.217,0.208,"Haul back at 17:58 EST.",1,NA
"AT46","L9","12","AT46_L9_B12",2022-02-19 00:45:00,2022-02-19 01:06:00,40.09,-70.895,40.09,-70.911,155,145,84,83.81,45,NA,NA,NA,1.05,2.68,1.21,1.56,29913,434892,489544,54652,429.143,"Y","Y",29914,685888,742836,56948,447.172,"Y","Y","Y","Y","Y",1.953,1.874,0.233,0.224,NA,1,NA
"AT46","L8","13","AT46_L8_B13",2022-02-19 02:16:00,2022-02-19 02:34:00,40.137,-70.782,40.137,-70.794,135,125,NA,123.74,45,175,NA,NA,1.53,3.91,1.87,2.38,29913,489544,534064,44520,349.584,"Y","Y",29914,742836,788496,45660,358.536,"Y","Y","Y","Y","Y",3.54,3.451,0.286,0.279,"No TDR. Angle at bottom 45.",3,"Depth recorder (TDR) data not available. Net max depth was calculated based on wire information (cosine law)."
"AT46","L7","14","AT46_L7_B14",2022-02-19 06:36:00,2022-02-19 06:54:00,40.224,-70.892,40.225,-70.906,126,116,80,80.04,50,NA,NA,NA,1.34,1.01,2.63,2.09,29913,534064,583880,49816,391.17,"Y","Y",29914,NA,NA,NA,217.579,"N","N","N","N","N",2.046,3.679,0.256,0.46,"Av angle 40-60. Whole 150 net ripped off, and 20 um net cod end/collar came off. Weather was rough and nets seemed to get tangled due to wave surge at surface just prior to retrieval. Replaced 150 net with tied-off type of cod end (the one from B1, but tied off, not with PVC cod end).",3,"volume sampled calculated based on ship speed and winch wire angle not flowmeter."
"AT46","L2","21","AT46_L2_B21",2022-02-21 00:27:00,2022-02-21 00:33:00,41.026,-70.88,41.024,-70.881,46,36,43,43.7,40,NA,NA,NA,1.84,1.66,2.24,2.09,29913,583766,598476,14710,115.507,"Y","Y",29914,840464,850832,10368,81.413,"Y","Y","Y","Y","Y",3.783,5.368,0.866,1.228,NA,1,NA
"AT46","L3","22","AT46_L3_B22",2022-02-21 02:09:00,2022-02-21 02:19:00,40.864,-70.883,40.861,-70.883,55,45,48,47.69,NA,NA,NA,NA,1.02,0.87,0.31,0.4,29913,598475,613394,14919,117.148,"Y","Y",29914,850837,864858,14021,110.097,"Y","Y","Y","Y","Y",4.071,4.332,0.854,0.908,NA,1,NA
"AT46","MVCO","23","AT46_MVCO_B23",2022-02-21 12:00:00,2022-02-21 12:04:00,41.324,-70.564,41.323,-70.565,15,12,14,14.31,35,NA,NA,NA,1.74,1.31,2.02,1.35,29913,613396,619031,5635,44.248,"Y","Y",29914,864987,870731,5744,45.104,"Y","Y","Y","Y","Y",3.234,3.173,2.26,2.217,NA,1,NA
"AR66B","L3","2","AR66B_L3_R2",2022-04-20 17:35:00,2022-04-20 17:40:00,40.862962,-70.883101,40.862958,-70.883084,NA,NA,NA,52,NA,52,NA,NA,0.16,0.28,0.42,0.28,NA,NA,NA,NA,NA,NA,NA,NA,NA,NA,NA,NA,"Y",NA,NA,NA,NA,NA,NA,NA,NA,"OOI Pioneer cruise.",3,"Depth recorder (TDR) data not available. Net max depth was calculated based on wire information (cosine law)."
"AR66B","L5","4","AR66B_L5_R4",2022-04-20 22:29:14,2022-04-20 22:35:30,40.512558,-70.882168,40.512535,-70.882172,NA,NA,NA,73,NA,73,NA,NA,0.02,0.91,0.04,0.46,NA,NA,NA,NA,NA,NA,NA,NA,NA,NA,NA,NA,"Y",NA,NA,NA,NA,NA,NA,NA,NA,"OOI Pioneer cruise.",3,"Depth recorder (TDR) data not available. Net max depth was calculated based on wire information (cosine law)."
"AR66B","L10","6","AR66B_L10_R6",2022-04-21 15:52:24,2022-04-21 16:07:00,39.940094,-70.87972,39.942374,-70.878484,NA,NA,NA,200,NA,200,NA,NA,0.24,0.76,0.39,1.06,NA,NA,NA,NA,NA,NA,NA,NA,NA,NA,NA,NA,"Y",NA,NA,NA,NA,NA,NA,NA,NA,"Twist in net bewtween the ring and the cod end. OOI Pioneer cruise.",3,"Depth recorder (TDR) data not available. Net max depth was calculated based on wire information (cosine law)."
"AR66B","L11","8","AR66B_L11_R8",2022-04-22 02:40:00,2022-04-22 02:55:00,39.775476,-70.87314,39.77653,-70.868857,NA,NA,NA,200,NA,200,NA,NA,NA,0.69,NA,0.9,NA,NA,NA,NA,NA,NA,NA,NA,NA,NA,NA,NA,"Y",NA,NA,NA,NA,NA,NA,NA,NA,"Many large jellies, all large jellies >5mm in a separate jar. OOI Pioneer cruise",3,"Depth recorder (TDR) data not available. Net max depth was calculated based on wire information (cosine law)."
"AR66B","L9","15","AR66B_L9_R15",2022-04-23 15:45:00,2022-04-23 15:55:00,40.098068,-70.887222,40.098059,-70.888144,NA,NA,NA,144,NA,144,NA,NA,0.07,0.04,0.03,0.39,NA,NA,NA,NA,NA,NA,NA,NA,NA,NA,NA,NA,"Y",NA,NA,NA,NA,NA,NA,NA,NA,"OOI Pioneer cruise.",3,"Depth recorder (TDR) data not available. Net max depth was calculated based on wire information (cosine law)."
"AR66B","L7","19","AR66B_L7_R19",2022-04-24 14:48:00,2022-04-24 14:55:00,40.226381,-70.883644,40.226226,-70.884471,NA,NA,NA,123,NA,123,NA,NA,0.36,0.37,0.98,0.36,NA,NA,NA,NA,NA,NA,NA,NA,NA,NA,NA,NA,"Y",NA,NA,NA,NA,NA,NA,NA,NA,"OOI Pioneer cruise.",3,"Depth recorder (TDR) data not available. Net max depth was calculated based on wire information (cosine law)."
"AR66B","L8","20","AR66B_L8_R20",2022-04-24 22:41:00,2022-04-24 22:50:00,40.134111,-70.770087,40.134149,-70.770102,NA,NA,NA,130,NA,130,NA,NA,0.04,0.12,0.03,0.2,NA,NA,NA,NA,NA,NA,NA,NA,NA,NA,NA,NA,"Y",NA,NA,NA,NA,NA,NA,NA,NA,"OOI Pioneer cruise.",3,"Depth recorder (TDR) data not available. Net max depth was calculated based on wire information (cosine law)."
"AR66B","L6","22","AR66B_L6_R22",2022-04-25 21:35:00,2022-04-25 21:43:00,40.361614,-70.876003,40.361614,-70.875987,NA,NA,NA,91,NA,91,NA,NA,0.05,0.25,0.05,0.4,NA,NA,NA,NA,NA,NA,NA,NA,NA,NA,NA,NA,"Y",NA,NA,NA,NA,NA,NA,NA,NA,"OOI Pioneer cruise.",3,"Depth recorder (TDR) data not available. Net max depth was calculated based on wire information (cosine law)."
"EN687","L1","1","EN687_L1_B1",2022-07-29 19:51:25,2022-07-29 19:58:47,41.1835,-70.8713,41.1804,-70.8717,21,15,17,17.13,35,20,10,10,1.26,1.26,1.56,1.56,29913,629690,635308,5618,44.114,"Y","Y",29914,881600,887441,5841,45.865,"Y","Y","Y","Y","Y",3.883,3.735,2.267,2.18,NA,1,NA
"EN687","L2","2","EN687_L2_B2",2022-07-30 03:50:30,2022-07-30 04:08:00,41.0291,-70.8842,41.0211,-70.8843,47,40,40,40.31,30,50,10,10,0.79,0.79,1.99,1.99,29913,635314,651913,16599,130.34,"Y","Y",29914,887442,904435,16993,133.434,"Y","Y","Y","Y","Y",3.093,3.021,0.767,0.749,"Tons of small salps. Used bucket and quart jar to take a 1/10 subsample instead of using splitter. Thalia democratica.",3,"many salps in this cruise."
"EN687","L4","5","EN687_L4_B5",2022-07-30 12:15:54,2022-07-30 12:29:00,40.7065,-70.8874,40.7107,-70.8857,65,60,49,49.75,35,70,10,20,1.81,1.81,1.58,1.58,29913,651913,672856,20943,164.451,"Y","Y",29914,904435,926223,21788,171.086,"Y","Y","Y","Y","Y",3.025,2.908,0.608,0.585,"Salpy but splitable.",1,NA
"EN687","L5","6","EN687_L5_B6",2022-07-30 14:38:00,2022-07-30 14:53:00,40.5201,-70.9002,40.5257,-70.9064,76,70,61,61.23,40,95,10,20,2.16,2.16,1.62,1.62,29913,672856,699562,26706,209.703,"Y","Y",29914,926223,953555,27332,214.619,"Y","Y","Y","Y","Y",2.92,2.853,0.477,0.466,NA,1,NA
"EN687","L10","7","EN687_L10_B7",2022-07-31 07:25:29,2022-07-31 07:55:01,39.9204,-70.9136,39.9264,-70.9346,494,200,160,159.84,45,300,20,20,1.58,1.58,1.46,1.46,29913,699562,763638,64076,503.143,"Y","Y",29914,953555,19552,65996,518.22,"Y","Y","Y","Y","Y",3.177,3.084,0.199,0.193,"Removed 1 jelly from 150um net. Removed and preserved (EtOH) 1/2 from 335 and 2/2 went into NOAA jar. Labels incorrently say 220730 instead of 220731 for date.",1,NA
"EN687","L11","10","EN687_L11_B10",2022-07-31 16:53:19,2022-07-31 17:25:00,39.7841,-70.8922,39.7742,-70.8837,1700,200,268,269.9,50,320,20,20,1.86,1.86,1.19,1.19,29913,763635,814394,50759,398.574,"Y","Y",29914,19552,71999,52447,411.829,"Y","Y","Y","Y","Y",6.772,6.554,0.251,0.243,NA,1,NA
"EN687","L9","13","EN687_L9_B13",2022-08-01 08:26:47,2022-08-01 08:41:09,40.0925,-70.8756,40.0908,-70.8656,150,140,132,132.74,40,185,20,20,1.93,1.93,1.7,1.7,29913,814395,849005,34610,271.768,"Y","Y",29914,72005,107451,35446,278.332,"Y","Y","Y","Y","Y",4.884,4.769,0.368,0.359,"Nothing in 500 or 100 um size classes. Removed 2 jelly from 335 and 1 from 150. See cruise narrative for notes on TDR (2 min. interval).",1,NA
"EN687","L8","16","EN687_L8_B16",2022-08-01 13:59:37,2022-08-01 14:14:45,40.1471,-70.7748,40.1522,-70.7769,134,130,133,133.91,35,160,20,20,1.8,1.8,1.6,1.6,29913,849395,873632,24237,190.316,"Y","Y",29914,72005,132577,60572,245.723,"Y","Y","Y","Y","Y",7.036,5.45,0.525,0.407,"Programmed TDR for every 5 secs. Tow 15 min duration. Hit bottom.",3,"volume sampled calculated based on ship speed and winch wire angle not flowmeter."
"EN687","L6","18","EN687_L6_B18",2022-08-02 03:59:31,2022-08-02 04:13:29,40.3563,-70.8747,40.3499,-70.8772,94,85,77,77.42,35,110,15,15,1.49,1.49,1.55,1.55,29913,873600,901085,27485,215.82,"Y","Y",29914,132587,160624,28037,220.155,"Y","Y","Y","Y","Y",3.587,3.517,0.463,0.454,"Spilled 1/2 of 150, used for SIA and taxa. Flounder/hake larvae, even mix of many taxa.",1,NA
"EN687","L7","21","EN687_L7_B21",2022-08-02 11:35:47,2022-08-02 11:49:18,40.2274,-70.8696,40.2268,-70.8626,126,120,123,123.41,40,140,20,20,1.62,1.62,1.66,1.66,29913,901085,923846,22761,178.726,"Y","Y",29914,160624,183888,23264,182.676,"Y","Y","Y","Y","Y",6.905,6.756,0.56,0.547,"Relatively low biomass.",1,NA
"EN687","L3","22","EN687_L3_B22",2022-08-02 21:42:11,2022-08-02 21:48:29,40.858,-70.8712,40.8552,-70.8697,53,45,39,39.41,35,55,15,15,1.56,1.56,1.56,1.56,29913,923864,938613,14749,115.813,"Y","Y",29914,183685,198843,15158,119.025,"Y","Y","Y","Y","Y",3.403,3.311,0.863,0.84,NA,1,NA
"EN687","MVCO","26","EN687_MVCO_B26",2022-08-03 08:16:33,2022-08-03 08:19:33,41.3169,-70.5769,41.3158,-70.5784,17,12,11.6,11.61,30,15,10,10,1.87,1.87,1.95,1.95,29913,938613,943784,5171,40.604,"Y","Y",29914,198843,203829,4986,39.152,"Y","Y","Y","Y","Y",2.859,2.965,2.463,2.554,NA,1,NA
"EN695","L1","1","EN695_L1_B1",2023-01-11 20:35:44,2023-01-11 20:42:27,41.1951,-70.8842,41.1921,-70.884,21,17,20.8,20.8,30,16,10,10,1.49,1.49,1.98,1.98,29914,209845,214486,4641,36.442,"Y","Y",29913,949381,954144,4763,37.4,"Y","Y","Y","Y","Y",5.708,5.561,2.744,2.674,"Bongo zerod when frame completely submerged.",1,NA
"EN695","L6","2","EN695_L6_B2",2023-01-12 04:04:56,2023-01-12 04:22:00,40.3721,-70.888,40.3633,-70.8835,92,87,92,92,40,100,20,20,1.66,1.66,1.22,1.22,29914,214486,228914,14428,113.293,"Y","Y",29913,954147,968304,14157,111.165,"Y","Y","Y","Y","Y",8.121,8.276,0.883,0.9,"Lost all of 500-200um size fraction.",1,NA
"EN695","L9","3","EN695_L9_B3",2023-01-12 07:33:54,2023-01-12 07:46:12,40.0505,-70.879,40.0459,-70.8802,200,195,176,176,35,225,20,20,1.59,1.59,1.55,1.55,29914,228916,271208,42292,332.089,"Y","Y",29913,968302,8636,40333,316.706,"Y","Y","Y","Y","Y",5.3,5.557,0.301,0.316,"Paused payout at 94m for about 2 min due to being under ship. 225 m payout.",1,NA
"EN695","L10","4","EN695_L10_B4",2023-01-12 10:20:16,2023-01-12 10:35:30,39.944,-70.8826,39.9504,-70.8851,442,200,186,186,35,250,20,20,1.56,1.56,1.53,1.53,29914,271208,314131,42923,337.044,"Y","Y",29913,8636,49198,40562,318.505,"Y","Y","Y","Y","Y",5.519,5.84,0.297,0.314,"Spilled small amount of 335 net when removnig  cod end, <100ml.",1,NA
"EN695","L11","5","EN695_L11_B5",2023-01-12 13:12:01,2023-01-12 13:16:06,39.7849,-70.8826,39.785,-70.8813,1461,200,224,224,50,280,20,20,1.19,1.19,1.5,1.5,29914,314131,356298,42167,331.108,"Y","Y",29913,49198,88062,38864,305.171,"Y","Y","Y","Y","Y",6.765,7.34,0.302,0.328,"Centric diatoms.",1,NA
"EN695","L8","6","EN695_L8_B6",2023-01-12 20:59:57,2023-01-12 21:14:58,40.1513,-70.8692,40.1493,-70.8603,136,140,NA,147.45,35,180,20,20,1.6,1.6,1.76,1.76,29914,356244,381531,25287,198.561,"Y","Y",29913,88047,112871,24824,194.925,"Y","Y","Y","Y","Y",7.426,7.564,0.504,0.513,"No TDR seaStarODI data, not started before cast.",3,"Depth recorder (TDR) data not available. Net max depth was calculated based on wire information (cosine law)."
"EN695","L7","7","EN695_L7_B7",2023-01-12 23:19:52,2023-01-12 23:27:47,40.2592,-70.8735,40.2585,-70.8701,120,115,93,93,30,115,20,20,1.04,1.04,1.22,1.22,29914,381539,404545,23006,180.65,"Y","Y",29913,112917,133459,20542,161.302,"Y","Y","Y","Y","Y",5.148,5.766,0.554,0.62,"Ring net has small hole near cod end, noticed when pulled out net (during retrieval).",1,NA
"EN695","L5","8","EN695_L5_B8",2023-01-13 02:22:47,2023-01-13 02:31:31,40.5128,-70.8842,40.5121,-70.8816,77,72,78,78,40,81,20,20,1.15,1.15,1.56,1.56,29914,404554,418197,13643,107.129,"Y","Y",29913,133484,145733,12249,96.183,"Y","Y","Y","Y","Y",7.281,8.11,0.933,1.04,NA,1,NA
"EN695","L4","9","EN695_L4_B9",2023-01-13 04:44:21,2023-01-13 04:49:13,40.6956,-70.8801,40.6942,-70.8782,60,65,54,54,40,65,20,20,1.94,1.94,1.9,1.9,29914,418065,433826,15761,123.76,"Y","Y",29913,145720,159577,13857,108.809,"Y","Y","Y","Y","Y",4.363,4.963,0.808,0.919,NA,1,NA
"EN695","L3","10","EN695_L3_B10",2023-01-13 07:25:00,2023-01-13 07:29:44,40.8611,-70.8788,40.8597,-70.8779,54,50,48,48,30,52,20,20,1.25,1.25,1.11,1.11,29914,433826,445954,12128,95.233,"Y","Y",29913,159577,169804,10227,80.305,"Y","Y","Y","Y","Y",5.04,5.977,1.05,1.245,NA,1,NA
"EN695","L2","11","EN695_L2_B11",2023-01-13 10:46:29,2023-01-13 10:51:10,41.0144,-70.8823,41.013,-70.8838,47,42,42,42,NA,50,20,20,1.27,1.27,1.63,1.63,29914,445953,458388,12435,97.643,"Y","Y",29913,169804,179369,9565,75.107,"Y","Y","Y","Y","Y",4.301,5.592,1.024,1.331,NA,1,NA
"EN695","MVCO","16","EN695_MVCO_B16",2023-01-14 21:08:06,2023-01-14 21:12:17,41.3056,-70.5833,41.3055,-70.5856,20,20,14,14,40,20,15,15,1.63,1.63,0.95,0.95,29914,458406,463903,5497,43.164,"Y","Y",29913,179355,184425,5070,39.811,"Y","Y","Y","Y","Y",3.243,3.517,2.317,2.512,"During deployment cod end of ring net got tangled around wire, fixed before nets in water.",1,NA
"HRS2303","MVCO","1","HRS2303_MVCO_B1",2023-04-29 11:57:00,2023-04-29 12:01:00,41.320367,-70.579095,41.31909,-70.577403,20,16,12,12.86,30,NA,NA,NA,NA,1.8,NA,1.8,NA,NA,NA,NA,54.124,"Y","Y",29913,192314,197782,5468,42.936,"Y","Y","Y","Y","N",2.376,2.995,1.848,2.329,"Missing flowmeter numbers for 335um net. Fast haul in. White pieces in 335um sample that appear to be pieces from the net itself. TDR collected data every 2 mins instead of every sec.",3,"volume sampled calculated based on ship speed and winch wire angle not flowmeter."
"HRS2303","L1","2","HRS2303_L1_B2",2023-05-02 20:23:00,2023-05-02 20:29:00,41.199542,-70.883868,41.197212,-70.884832,20,18,18.5,18.59,25,NA,NA,NA,NA,1.5,NA,1.3,29914,239782,251570,11788,92.563,"Y","Y",29913,206114,217477,11363,89.226,"Y","Y","Y","Y","Y",2.008,2.083,1.08,1.121,"Flowmeter values suspect. Very windy, saw flowmeters windmilling",1,NA
"HRS2303","L5","3","HRS2303_L5_B3",2023-05-03 04:50:00,2023-05-03 04:58:00,40.514928,-70.88156,40.504672,-70.884727,75,72,73,73.69,15,75,30,20,NA,0.3,NA,1.9,29914,251562,265831,14269,112.044,"Y","Y",29913,217503,231028,13525,106.202,"Y","Y","Y","Y","Y",6.577,6.939,0.893,0.942,"Small fish (possibly sand lance) in 335um.",1,NA
"HRS2303","L7","4","HRS2303_L7_B4",2023-05-03 09:11:49,2023-05-03 09:21:00,40.25838,-70.886968,40.255712,-70.891665,121,115,75,75.81,20,NA,NA,NA,NA,2,NA,2,29914,265826,278157,12331,96.827,"Y","Y",29913,231011,241945,10934,85.857,"Y","Y","Y","Y","Y",7.829,8.83,1.033,1.165,"Big organisms in 150 um sample that did not fit in size fractions vials. TDR didnt record every second.",1,NA
"HRS2303","L8","5","HRS2303_L8_B5",2023-05-03 11:37:20,2023-05-03 11:52:58,40.152095,-70.8803,40.149103,-70.888502,138,133,115,113.75,40,174,30,20,NA,1.5,NA,1.2,29914,278156,307494,29338,230.371,"Y","Y",29913,241948,269931,27983,219.731,"Y","Y","Y","Y","Y",4.938,5.177,0.434,0.455,"Big organisms in 150 um sample that did not fit in size fractions vials. TDR didnt record every second.",1,NA
"HRS2303","L9","6","HRS2303_L9_B6",2023-05-03 14:05:00,2023-05-03 14:21:00,40.047027,-70.881877,40.034065,-70.895923,207,200,182,182.1,55,349,30,20,NA,1.8,NA,1.9,29914,307516,376395,68879,216.496,"Y","Y",29913,269933,335890,65957,216.496,"Y","Y","Y","Y","Y",8.411,8.411,0.462,0.462,NA,3,"volume sampled calculated based on ship speed and winch wire angle not flowmeter."
"HRS2303","L10","7","HRS2303_L10_B7",2023-05-03 19:35:00,2023-05-03 19:55:00,39.94671,-70.883635,39.927017,-70.885992,470,200,146,146.6,25,220,30,20,NA,1,NA,2,29914,376411,419052,42641,334.83,"Y","Y",29913,335876,376551,40675,319.392,"Y","Y","Y","Y","Y",4.378,4.59,0.299,0.313,NA,1,NA
"HRS2303","L11","8","HRS2303_L11_B8",2023-05-04 00:23:59,2023-05-04 00:41:00,39.766827,-70.889727,39.77898,-70.87754,1500,200,115,115.28,25,NA,NA,NA,NA,1.4,NA,1.9,29914,419059,463806,44747,351.366,"Y","Y",29913,376557,419801,43244,339.564,"Y","Y","Y","Y","Y",3.281,3.395,0.285,0.294,"Removed 13 large salps from taxa picking samples. Filled jar with representative sample. 2 myctophids saved on separate small jar.",1,NA
"HRS2303","L6","9","HRS2303_L6_B9",2023-05-04 14:29:18,2023-05-04 14:40:00,40.365737,-70.882988,40.370293,-70.878892,85,80,60,59.13,40,104,30,20,NA,2.5,NA,1.6,29914,463827,489566,25739,202.11,"Y","Y",29913,419798,444127,24329,191.038,"Y","Y","Y","Y","Y",2.926,3.095,0.495,0.523,"TDR did not record every second.",1,NA
"HRS2303","L4","10","HRS2303_L4_B10",2023-05-04 19:16:19,2023-05-04 19:23:00,40.694782,-70.888232,40.694352,-70.89399,60,55,53,53.74,NA,64,30,18,NA,2.5,NA,1.3,29914,489564,496700,7136,56.034,"Y","Y",29913,444122,456648,12526,98.358,"Y","Y","Y","Y","Y",9.591,5.464,1.785,1.017,"The 335 um cod end was tangled around frame upon retrieval. Deployment of nets was normal with both bongo cod ends looking cod so must have gotten tangled underwater.",3,"tangled cod end."
"HRS2303","L3","11","HRS2303_L3_B11",2023-05-04 23:23:36,2023-05-04 23:33:34,40.865677,-70.88375,40.857547,-70.890505,50,50,41,41.77,25,55,30,15,NA,1.6,NA,6.9,29914,496695,508693,11998,94.212,"Y","Y",29913,456667,468397,11730,92.107,"Y","Y","Y","Y","Y",4.434,4.535,1.061,1.086,"Lost 5mL of 150um sample.",1,NA
"HRS2303","L2","12","HRS2303_L2_B12",2023-05-05 02:12:31,2023-05-05 02:17:00,41.029818,-70.883513,41.028042,-70.883852,40,35,38,38.52,25,40,30,12,NA,1.7,NA,1.5,29914,508686,517002,8316,65.3,"Y","Y",29913,468394,476020,7626,59.882,"Y","Y","Y","Y","Y",5.899,6.433,1.531,1.67,NA,1,NA
"EN706","L1","1","EN706_L1_B1",2023-08-07 18:07:32,2023-08-07 18:13:05,41.1975,-70.8675,41.1973,-70.8643,21,16,29,17.66,25,20,20,15,1.52,1.52,1.56,1.56,29914,529212,536947,7735,60.737,"Y","Y",29913,487091,494523,7432,58.358,"Y","Y","Y","Y","Y",2.908,3.026,1.646,1.714,"Small hole near cod end of 350um net. Cricket in sample? Very dark sample. Black pieces in net. TDR edpths need offset, deeper than they should be, deeper than ctd.",1,NA
"EN706","L2","2","EN706_L2_B2",2023-08-08 07:06:30,2023-08-08 07:15:00,41.0281,-70.8737,41.0246,-70.8733,45,40,50,37.05,25,44,15,15,1.23,1.23,1.76,1.76,29914,537101,549001,11900,93.442,"Y","Y",29913,494651,506118,11467,90.042,"Y","Y","Y","Y","Y",3.965,4.115,1.07,1.111,"TDR depths need offset.",1,NA
"EN706","L4","5","EN706_L4_B5",2023-08-08 16:19:50,2023-08-08 16:34:41,40.6858,-70.879,40.6809,-70.8838,66,60,75,63.56,25,66,15,15,2,2,1.87,1.87,29914,549143,569452,20309,159.472,"Y","Y",29913,505348,523492,18144,142.472,"Y","Y","Y","Y","Y",3.986,4.461,0.627,0.702,"Check TDR file. TDR depths need offset.",1,NA
"EN706","L5","6","EN706_L5_B6",2023-08-08 21:21:10,2023-08-08 21:35:10,40.502,-70.8836,40.4964,-70.8856,76,70,90,82.31,35,87,15,15,1.3,1.3,1.59,1.59,29914,580664,600691,20027,157.258,"Y","Y",29913,534601,609321,74720,164.176,"Y","Y","Y","Y","Y",5.234,5.014,0.636,0.609,"TDR depth is wrong (bottom depth max 78m). Redid deployment to get flowmeter values.",3,"volume sampled calculated based on ship speed and winch wire angle not flowmeter."
"EN706","L11","9","EN706_L11_B9",2023-08-09 18:53:18,2023-08-09 19:23:35,39.7763,-70.8818,39.7763,-70.897,1522,200,213,202.05,35,270,15,20,1.42,1.42,1.29,1.29,29914,600701,657272,56571,444.212,"Y","Y",29913,554992,609333,54341,426.701,"Y","Y","Y","Y","Y",4.549,4.735,0.225,0.234,"Ytubing on CTD got disconnected so CTD reading might be wrong. Removed sargassum from sample (small piece). TDR depth need offset. Removed boat pieces/chips from sample. Barely any sample in 100um size fraction SIA.",1,NA
"EN706","L10","10","EN706_L10_B10",2023-08-10 00:55:00,2023-08-10 01:31:00,39.9265,-70.8941,39.9126,-70.9052,450,200,217,205.29,45,311,15,15,1.85,1.85,1.84,1.84,29914,657288,734168,76880,603.684,"Y","Y",29913,609343,683289,73946,580.645,"Y","Y","Y","Y","Y",3.401,3.535,0.166,0.172,"CTD worked went down to 200m. Very salpy sample. Some myctophiids in sample.",1,NA
"EN706","L9","13","EN706_L9_B13",2023-08-10 08:24:56,2023-08-10 08:49:58,40.0442,-70.8897,40.0392,-70.8995,212,200,217,204.69,35,235,20,20,1.42,1.42,1.61,1.61,29914,734154,777035,42881,336.714,"Y","Y",29913,683289,724074,40785,320.256,"Y","Y","Y","Y","Y",6.079,6.392,0.297,0.312,"CTD said depth down to 204m.",1,NA
"EN706","L7","14","EN706_L7_B14",2023-08-10 22:32:54,2023-08-10 22:45:13,40.2561,-70.881,40.2527,-70.8766,122,116,133,120.56,32,134,30,20,1.28,1.28,1.26,1.26,29914,777037,796024,18987,149.091,"Y","Y",29913,724086,743838,19752,155.098,"Y","Y","Y","Y","Y",8.086,7.773,0.671,0.645,"Lots of copepods. Calm conditions. Used CTD realtime data to get as close as possible to bottom. TDR depths need offset.",1,NA
"EN706","L8","15","EN706_L8_B15",2023-08-11 00:43:04,2023-08-11 01:08:31,40.1347,-70.8703,40.1223,-70.8605,139,134,145,132.57,28,184,30,20,0.95,0.95,1.04,1.04,29914,796018,828703,32685,256.652,"Y","N",29913,743836,775195,31359,246.24,"Y","N","Y","Y","Y",5.165,5.384,0.39,0.406,"DNA 335 and 150 um samples got mixed up so no sample for those. Used CTD realtime data for bottom depth but CTD stopped working on the way up. Lobster larvae phylosoma in 335um.",1,NA
"EN706","L6","19","EN706_L6_B19",2023-08-11 09:25:34,2023-08-11 09:38:40,40.3639,-70.8837,40.3639,-70.8921,93,88,100,88.64,40,100,15,15,1.17,1.17,1.44,1.44,29914,828710,854817,26107,205,"Y","Y",29913,775194,796123,20929,164.341,"Y","Y","Y","Y","Y",4.324,5.393,0.488,0.608,"Used CTD realtime data for bottom depth. CTD was left on and still recording data until 20:45 while CTD on deck. TDR depths need offset.",1,NA
"EN706","L3","20","EN706_L3_B20",2023-08-11 21:12:03,2023-08-11 21:23:19,40.8587,-70.8788,40.8558,-70.8853,55,50,62,50.05,50,99,30,17,2.11,2.11,1.65,1.65,29914,854823,883481,28658,225.031,"Y","Y",29913,796117,814869,18752,147.246,"Y","Y","Y","Y","Y",2.224,3.399,0.444,0.679,"Used CTD realtime data went to 50m. TDR depths need offset.",1,NA
"EN706","MVCO","24","EN706_MVCO_B24",2023-08-12 08:38:20,2023-08-12 08:43:35,41.311,-70.5805,41.3092,-70.5793,19,14,29,17.02,45,19,10,8,1.42,1.42,1.57,1.57,29914,883481,896167,12686,99.614,"Y","Y",29913,814860,819235,4375,34.354,"Y","Y","Y","Y","Y",1.709,4.954,1.004,2.911,"Using CTD to look at depth went down to 17m .",1,NA
"AR77","L1","1","AR77_L1_B1",2023-10-11 16:28:57,2023-10-11 16:30:00,41.194,-70.878,41.194,-70.878,17,12,NA,11.26,30,13,14,5,1.39,1.66,1.41,1.38,29914,894280,901397,7117,55.885,"Y","Y",29913,825454,831677,6223,48.865,"Y","Y","Y","Y","Y",2.015,2.304,1.789,2.046,"Net sat at surface from 16:22 to 16:28. TDR did not record depth. 335um cod end spilled 1/6 sample.",3,"Depth recorder (TDR) data not available. Net max depth was calculated based on wire information (cosine law)."
"AR77","L2","2","AR77_L2_B2",2023-10-12 03:06:00,2023-10-12 03:15:00,41.043,-70.885,41.047,-70.886,47,42,37.6,38.35,30,49,30,14,NA,1.34,NA,1.74,29914,925572,931091,5519,43.337,"Y","Y",29913,843360,847418,4058,31.865,"Y","Y","Y","Y","Y",8.849,12.035,2.308,3.138,"Had to deploy bongos twice due to an issue with hydraulics all nets were rinsed prior to 2nd deployment. Upon recovery we found a hole in the 335um net, fixed before next deployments.",1,NA
"AR77","L5","5","AR77_L5_B5",2023-10-12 12:05:46,2023-10-12 12:13:03,40.511,-70.882,40.508,-70.88,78.5,73,65.5,65.54,30,84,30,20,NA,1.18,NA,1.2,29914,931088,945284,14196,111.471,"Y","Y",29913,847410,858721,11311,88.817,"Y","Y","Y","Y","Y",5.88,7.379,0.897,1.126,NA,1,NA
"AR77","L10","6","AR77_L10_B6",2023-10-13 03:27:00,2023-10-13 03:48:00,39.941,-70.885,39.939,-70.881,449,200,213,212.91,25,221,30,20,NA,0.67,NA,0.56,29914,945290,968957,23667,185.84,"Y","Y",29913,858805,881732,22927,180.029,"Y","Y","Y","Y","Y",11.457,11.826,0.538,0.555,"Many salps and large organisms in 150um net, had to remove prior to putting samples in the SIA jars.",1,NA
"AR77","L11","8","AR77_L11_B8",2023-10-13 10:19:21,2023-10-13 10:35:41,39.773,-70.885,39.778,-70.887,1600,200,201.2,201.61,30,231,30,20,NA,1.09,NA,1.07,29914,968960,996049,27089,212.711,"Y","Y",29913,881735,907041,25306,198.71,"Y","Y","Y","Y","Y",9.478,10.146,0.47,0.503,NA,1,NA
"AR77","L6","10","AR77_L6_B10",2023-10-13 20:36:00,2023-10-13 20:45:00,40.363,-70.884,40.364,-70.888,93,88,89.44,84.44,20,97,30,20,NA,1.18,NA,1.42,29914,996050,10119,14068,110.466,"Y","Y",29913,907047,917813,10766,84.538,"Y","Y","Y","Y","Y",7.644,9.988,0.905,1.183,NA,1,NA
"AR77","L9","13","AR77_L9_B13",2023-10-14 02:14:00,2023-10-14 02:40:00,40.029,-70.884,40.034,-70.886,236,200,220,219.91,30,231,30,20,NA,0.62,NA,0.16,29914,10125,35045,24920,195.679,"Y","Y",29913,917868,941198,23330,183.194,"Y","Y","Y","Y","Y",11.238,12.004,0.511,0.546,NA,1,NA
"AR77","L8","16","AR77_L8_B16",2023-10-14 08:13:38,2023-10-14 08:29:45,40.152,-70.886,40.157,-70.887,139,134,137,137.05,35,155,30,20,NA,1.48,NA,1.08,29914,35045,59716,24671,193.724,"Y","Y",29913,941205,964913,23708,186.162,"Y","Y","Y","Y","Y",7.075,7.362,0.516,0.537,"Hit bottom. Sand and shells in cod end. Ring net sample suspect - mostly sand and silt.",3,"hit bottom."
"AR77","L7","17","AR77_L7_B17",2023-10-14 10:34:42,2023-10-14 10:46:27,40.258,-70.884,40.261,-70.887,123,118,121,121.1,30,136,30,20,NA,1.45,NA,0.93,29914,59720,76571,16851,132.319,"Y","Y",29913,964914,980871,15957,125.299,"Y","Y","Y","Y","Y",9.152,9.665,0.756,0.798,"Sand in sample. Hit bottom.",3,"hit bottom."
"AR77","L3","18","AR77_L3_B18",2023-10-14 21:16:00,2023-10-14 21:21:22,40.863,-70.885,40.862,-70.887,55,50,51.25,51.25,25,55,30,18,NA,1.48,NA,1.45,29914,76575,87571,10996,86.344,"Y","Y",29913,980872,988177,7305,57.361,"Y","Y","Y","Y","Y",5.936,8.935,1.158,1.743,"USBL was used on bongo for real time data but no one looked to see if it was working.",1,NA
"AR77","L4","19","AR77_L4_B19",2023-10-14 22:42:00,2023-10-14 22:49:00,40.694,-70.884,40.697,-70.884,67,62,64.5,64.66,NA,70,30,20,NA,1.41,NA,1.13,29914,87566,91805,4239,33.286,"Y","Y",29913,988176,992273,4097,32.171,"Y","Y","Y","Y","Y",19.426,20.099,3.004,3.108,"Got very close to the seafloor. Tried to use the USBL for real time depth but it did not work - too shallow?",1,NA
"AR77","MVCO","35","AR77_MVCO_B35",2023-10-16 09:10:43,2023-10-16 09:17:17,41.325,-70.578,41.327,-70.581,12,6,5.4,6.3,35,7,12,4,NA,2.07,NA,0.3,29914,91804,100379,8575,67.333,"Y","Y",29913,992278,96,7817,61.381,"Y","Y","Y","Y","Y",0.936,1.026,1.485,1.629,"Net sitting at depth from 9:12 to 9:16 winch wire reading not working we brought the net up and recorded TDR depth. TDR depth close enough to target so we counted the tow as good.",1,NA
"EN712","L1","1","EN712_L1_B1",2024-02-09 19:15:27,2024-02-09 19:21:10,41.1914,-70.885,41.1897,-70.8832,22,17,15,15.8,35,20,20,6,1.61,1.61,1.39,1.39,29914,107390,118688,11298,88.715,"Y","Y",29913,6548,7980,1432,83.025,"Y","Y","Y","Y","Y",1.781,1.903,1.127,1.204,"100um size fractions also includes >200 um forgot to pour through sieve before pouring into 100.",3,"volume sampled calculated based on ship speed and winch wire angle not flowmeter."
"EN712","L5","2","EN712_L5_B2",2024-02-10 04:47:02,2024-02-10 05:06:52,40.5101,-70.8823,40.5069,-70.8742,78,73,71,71.42,35,89,30,6,1.75,1.75,1.33,1.33,29914,118716,146202,27486,215.828,"Y","Y",29913,7971,34389,26418,207.442,"Y","Y","Y","Y","Y",3.309,3.443,0.463,0.482,"100um size fractions also includes >200 um forgot to pour through sieve before pouring into 100.",1,NA
"EN712","L6","5","EN712_L6_B5",2024-02-10 10:17:29,2024-02-10 10:30:00,40.3632,-70.8797,40.3605,-70.8775,95,90,90,92.2,35,109,20,18,1.41,1.41,1.41,1.41,29914,NA,NA,NA,NA,"N","N",29913,NA,NA,NA,NA,"N","N","N","N","N",NA,NA,NA,NA,"Hit bottom. Collected a lot of silty sediment, not processed.",3,"hit bottom."
"EN712","L7","6","EN712_L7_B6",2024-02-10 12:30:24,2024-02-10 12:44:05,40.2531,-70.88,40.2482,-70.8775,123,118,100,100.32,30,131,20,20,1.44,1.44,1.38,1.38,29914,165510,188580,23070,181.152,"Y","Y",29913,45986,50766,4780,177.743,"Y","Y","Y","Y","Y",5.538,5.644,0.552,0.563,NA,3,"volume sampled calculated based on ship speed and winch wire angle not flowmeter."
"EN712","L10","7","EN712_L10_B7",2024-02-11 04:35:00,2024-02-11 05:00:00,39.9298,-70.8899,39.9217,-70.8998,463,200,184,184.63,35,244,30,20,0.66,0.66,1.42,1.42,29914,188587,229160,40573,318.591,"Y","Y",29913,50767,74941,24174,189.821,"Y","Y","Y","Y","Y",5.795,9.727,0.314,0.527,"Lots of salps in sample wouldnt fit into the size fractionated jars. Hardly any sample between 500-1000um and 500-200 um from 150um net.",1,NA
"EN712","L11","10","EN712_L11_B10",2024-02-11 11:09:12,2024-02-11 11:42:48,39.7509,-70.909,39.7377,-70.9332,1733,200,19.5,197.1,45,311,30,20,1.64,1.64,1.56,1.56,29914,229158,292971,63813,501.078,"Y","Y",29913,74917,84583,9666,497.075,"Y","Y","Y","Y","Y",3.934,3.965,0.2,0.201,"Not much sample for 100um size fraction (20 um net).",3,"volume sampled calculated based on ship speed and winch wire angle not flowmeter."
"EN712","L9","11","EN712_L9_B11",2024-02-11 22:43:58,2024-02-11 23:03:03,40.042,-70.9026,40.0452,-70.9122,213,200,207,207.38,40,261,30,20,1.88,1.88,1.41,1.41,29914,292968,330926,37958,298.057,"Y","Y",29913,84583,92969,8386,323.632,"Y","Y","Y","Y","Y",6.958,6.408,0.336,0.309,"Accidentally collected the 100um size fraction from the 200 um sieve.",3,"volume sampled calculated based on ship speed and winch wire angle not flowmeter."
"EN712","L8","12","EN712_L8_B12",2024-02-12 02:32:55,2024-02-12 02:45:11,40.1604,-70.9072,40.1629,-70.9151,140,135,NA,135.04,25,149,30,20,1.38,1.38,1.05,1.05,29914,330924,340849,9925,152.702,"Y","Y",29913,92969,104003,11034,152.702,"Y","Y","Y","Y","Y",8.843,8.843,0.655,0.655,"TDR did not record.",3,"volume sampled calculated based on ship speed and winch wire angle not flowmeter."
"EN712","L4","15","EN712_L4_B15",2024-02-12 09:21:05,2024-02-12 09:29:22,40.6946,-70.8936,40.6934,-70.8985,64,58,52,52.72,30,67,30,19,1.41,1.41,1.31,1.31,29914,340852,352860,12008,94.29,"Y","Y",29913,103999,115459,11460,89.987,"Y","Y","Y","Y","Y",5.591,5.859,1.061,1.111,NA,1,NA
"EN712","L3","16","EN712_L3_B16",2024-02-13 03:15:34,2024-02-13 03:22:00,40.8644,-70.8915,40.8638,-70.895,55,50,NA,49.97,35,61,30,17,1.55,1.55,1.94,1.94,29914,352862,366588,13726,107.781,"Y","Y",29913,115456,128411,12955,101.726,"Y","Y","Y","Y","Y",4.636,4.912,0.928,0.983,"TDR did not record. lots of chaetognaths and phytoplankton that wouldnt fit in size fraction jars.",3,"Depth recorder (TDR) data not available. Net max depth was calculated based on wire information (cosine law)."
"EN712","L2","17","EN712_L2_B17",2024-02-13 05:11:00,2024-02-13 05:17:00,41.0265,-70.8869,41.0248,-70.8885,46,41,39,38.93,30,46,30,13,1.76,1.76,1.41,1.41,29914,366595,376412,9817,77.086,"Y","Y",29913,128405,137368,8963,70.38,"Y","Y","Y","Y","Y",5.05,5.531,1.297,1.421,"Removed large krill, chaetognaths, phytoplankton that would not fit in the 1000um SIA jar.",1,NA
"EN712","MVCO","20","EN712_MVCO_B20",2024-02-13 12:08:56,2024-02-13 12:12:57,41.3123,-70.5788,41.3139,-70.5805,19,14,8.6,8.96,35,17,17,5,1.46,1.46,1.51,1.51,29914,376195,389861,13666,107.309,"Y","Y",29913,137402,152013,14611,114.73,"Y","Y","Y","Y","Y",0.835,0.781,0.932,0.872,"Not much sample for 100um size fraction (20 um net).",1,NA
"EN715","L1","1","EN715_L1_B1",2024-05-03 18:14:30,2024-05-03 18:20:20,41.2076,-70.8918,41.2095,-70.8893,25,20,14.7,14.7,40,22,15,10,1.61,1.61,1.39,1.39,29914,399598,410832,11234,88.213,"Y","Y",29913,160788,171321,10533,82.708,"Y","Y","Y","Y","Y",1.666,1.777,1.134,1.209,"Seaweed and feathers pulled from sample before splitting.",1,NA
"EN715","L2","2","EN715_L2_B2",2024-05-04 04:25:07,2024-05-04 04:38:11,41.0371,-70.8851,41.0416,-70.8866,43,38,38.3,38.3,25,42,30,13,1.58,1.58,1.43,1.43,29914,410830,422635,11805,92.696,"Y","Y",29913,171312,182426,11114,87.27,"Y","Y","Y","Y","Y",4.132,4.389,1.079,1.146,"The ring net got tangled at deployment, so we had to pull the nets out of the water to fix it. This took about 5 minutes.",1,NA
"EN715","L4","5","EN715_L4_B5",2024-05-04 10:18:36,2024-05-04 10:25:44,40.6975,-70.8838,40.699,-70.8862,66,61,62.55,62.55,30,70,30,20,1.3,1.3,0.84,0.84,29914,422641,432302,9661,75.861,"Y","Y",29913,182425,191545,9120,71.613,"Y","Y","Y","Y","Y",8.245,8.734,1.318,1.396,NA,1,NA
"EN715","L5","6","EN715_L5_B6",2024-05-04 15:44:25,2024-05-04 15:54:16,40.526,-70.8862,40.5293,-70.8876,74,68,75.26,75.26,35,83,30,20,1.52,1.52,1.74,1.74,29914,447394,462234,14840,116.528,"Y","Y",29913,204252,218326,14074,110.513,"Y","Y","Y","Y","Y",6.459,6.81,0.858,0.905,"We hit the bottom on the first deployment, but we were able to run bongo again.",1,NA
"EN715","L10","7","EN715_L10_B7",2024-05-05 08:19:40,2024-05-05 08:46:48,39.9416,-70.8827,39.951,-70.8735,446,200,224.54,224.54,50,320,30,20,1.6,1.6,1.48,1.48,29914,462233,515566,53333,418.786,"Y","Y",29913,218324,269806,51482,404.252,"Y","Y","Y","Y","Y",5.362,5.554,0.239,0.247,"There were a lot of salps in both 335 and 150 um nets. The total amount sampled was 5.6 L for 335 um net and 5.85L for 150 um net. A subsample of 500mL was taken from each net to then be split as usual.",1,NA
"EN715","L11","10","EN715_L11_B10",2024-05-05 13:26:36,2024-05-05 13:50:02,39.775,-70.8828,39.7793,-70.8744,1582,200,222.8,222.8,45,283,30,20,1.25,1.25,1.42,1.42,29914,515575,557031,41456,325.525,"Y","Y",29913,269849,309997,40148,315.254,"Y","Y","Y","Y","Y",6.844,7.067,0.307,0.317,NA,1,NA
"EN715","L6","13","EN715_L6_B13",2024-05-06 05:13:06,2024-05-06 05:26:23,40.3668,-70.8676,40.3658,-70.8609,94,89,84.9,84.9,45,111,30,20,1.74,1.74,2.16,2.16,29914,557026,614690,57664,208.495,"Y","Y",29913,310000,346205,36205,208.495,"Y","Y","Y","Y","Y",4.072,4.072,0.48,0.48,"We hit the bottom on the first deployment, but we were able to run bongo again. Flowmeter reading includes start of 1st deployment until end of 2nd deployment, so flowmeter reading is off.",3,"volume sampled calculated based on ship speed and winch wire angle not flowmeter."
"EN715","L8","14","EN715_L8_B14",2024-05-06 07:55:52,2024-05-06 08:07:27,40.1427,-70.8744,40.1417,-70.8707,139,133,140.13,140.13,30,154,30,20,1.6,1.6,1.51,1.51,29914,643612,662928,19316,151.675,"Y","Y",29913,365405,382162,16757,131.581,"Y","Y","Y","Y","Y",9.239,10.65,0.659,0.76,"We hit bottom on the first deployment, but we were able to run bongo again. TDR was tested on CTD cast. CTD = 135.7m and TDR = 132.7m, so there is a 3m offset on TDR readings.",3,"hit bottom."
"EN715","L3","15","EN715_L3_B3",2024-05-06 19:45:38,2024-05-06 19:52:05,40.8768,-70.8919,40.8742,-70.8907,55,45,46.43,46.43,40,59,30,15,1.68,1.68,1.78,1.78,29914,662925,675656,12731,99.968,"Y","Y",29913,382148,394133,11985,94.11,"Y","Y","Y","Y","Y",4.645,4.934,1,1.063,"Our target depth was 10 m above bottom depth, instead of the usual 5 m off the bottom. There was very little sample for 100 um size fraction.",1,NA
"EN715","L9","18","EN715_L9_B18",2024-05-07 06:30:54,2024-05-07 07:02:45,40.0427,-70.8829,40.057,-70.8826,209,190,172.8,172.8,45,269,30,20,1.02,1.02,1.73,1.73,29914,675654,726224,50570,397.09,"Y","Y",29913,394135,440426,46291,363.49,"Y","Y","Y","Y","Y",4.352,4.754,0.252,0.275,"Our target depth was 10m above bottom depth, instead of the usual 5m off the bottom.",1,NA
"EN715","L7","19","EN715_L7_B19",2024-05-07 09:15:11,2024-05-07 09:27:10,40.2561,-70.8793,40.2552,-70.8751,123,118,121.4,121.4,35,144,30,20,1.47,1.47,1.41,1.41,29914,726231,746162,19931,156.504,"Y","Y",29913,440437,457858,17421,136.795,"Y","Y","Y","Y","Y",7.757,8.875,0.639,0.731,NA,1,NA
"EN715","MVCO","23","EN715_MVCO_B23",2024-05-08 05:11:06,2024-05-08 05:14:30,41.3157,-70.5794,41.3147,-70.5775,18,13,9.6,9.6,50,18,20,6,2.06,2.06,1.97,1.97,29914,746168,759270,13102,102.881,"Y","Y",29913,457862,470482,12620,99.096,"Y","Y","Y","Y","Y",0.933,0.969,0.972,1.009,NA,1,NA
"EN720","L1","2","EN720_L1_B2",2024-09-06 19:23:20,2024-09-06 19:30:58,41.196602,-70.880945,41.20067,-70.882368,20,15,9.9,9.9,55,28,22,7,NA,2,NA,2,29914,767157,779388,12231,96.041,"Y","Y",29913,478324,489793,11469,90.058,"Y","Y","Y","Y","N",1.031,1.099,1.041,1.11,"Went too shallow. No 200-100 nor 100-20 size fractions, not enough material. Nets went under ship during recovery, strong currents.",1,NA
"EN720","L2","3","EN720_L2_B3",2024-09-07 02:36:36,2024-09-07 02:44:14,41.039838,-70.88261,41.043612,-70.883568,45,40,27.89,27.89,35,38,30,13,NA,2,NA,2,29914,779391,792940,13549,106.391,"Y","Y",29913,488828,499894,11066,86.893,"Y","Y","Y","Y","Y",2.621,3.21,0.94,1.151,"Went too shallow. Bongo net going under ship. No 100 size fraction not enough sample. Very little 20 size fraction.",1,NA
"EN720","L4","6","EN720_L4_B6",2024-09-07 09:50:36,2024-09-07 10:01:42,40.695798,-70.885415,40.696927,-70.895537,64,59,44,44,45,82,30,19,NA,2,NA,2,29914,792944,813316,20372,159.967,"Y","Y",29913,499896,515793,15897,124.828,"Y","Y","Y","Y","Y",2.751,3.525,0.625,0.801,"Got SALPED. Removed salps prior to processing because there were way too many. 335 um approx. 700 mL of salp removed. 150 um approx. 1L of salp removed. Not sure if there is enough >1000 for SIA but saved some anyways barely anything in 100 um size fraction.",1,NA
"EN720","L5","7","EN720_L5_B7",2024-09-07 17:46:25,2024-09-07 17:55:29,40.511802,-70.886245,40.516832,-70.887197,76,71,54,54,40,92,30,20,NA,2,NA,2,29914,813316,833682,20366,159.92,"Y","Y",29913,515788,533672,17884,140.43,"Y","Y","Y","Y","Y",3.377,3.845,0.625,0.712,"A bit too shallow with the net. Caught a few fish. Preserved medusae from 335 um in a separate jar with EtOH. Sparse 500 um size fraction. No 200-100 size fraction. Sparse 20 um size fraction. This cruise seems to have bigger organisms so far.",1,NA
"EN720","L10","8","EN720_L10_B8",2024-09-08 06:01:44,2024-09-08 06:36:02,39.941188,-70.899967,39.933265,-70.925058,440,200,166.8,166.8,50,311,30,20,NA,2,NA,2,29914,833682,891459,57777,453.682,"Y","Y",29913,533675,588705,55030,432.112,"Y","Y","Y","Y","Y",3.677,3.86,0.22,0.231,"Snipe fish in 150 um net. Very little sample for 100 um size fraction. Angle high.",1,NA
"EN720","L11","11","EN720_L11_B11",2024-09-08 11:58:04,2024-09-08 12:28:35,39.774018,-70.883947,39.77516,-70.914673,1578,200,162,162,55,350,30,20,NA,2,NA,2,29914,890954,968071,77117,412.921,"Y","Y",29913,588649,663185,74536,412.921,"Y","Y","Y","Y","Y",3.923,3.923,0.242,0.242,"Barely anything in 100 um size fraction. Preserved fish in EtOH caught in 20 um net.",3,"volume sampled calculated based on ship speed and winch wire angle not flowmeter."
"EN720","L6","14","EN720_L6_B14",2024-09-09 04:57:24,2024-09-09 05:10:20,40.361348,-70.888342,40.35674,-70.89736,92,87,50.3,50.3,50,135,30,20,NA,2,NA,2,29914,968079,999927,31848,250.08,"Y","Y",29913,663183,694163,30980,243.264,"Y","Y","Y","Y","Y",2.011,2.068,0.4,0.411,"Krill.",1,NA
"EN720","L8","15","EN720_L8_B15",2024-09-09 08:17:36,2024-09-09 08:37:24,40.152877,-70.88908,40.156003,-70.900558,137,132,113.4,113.4,50,205,30,20,NA,2,NA,2,29914,999928,44207,44278,347.684,"Y","Y",29913,694162,736764,42602,334.523,"Y","Y","Y","Y","Y",3.262,3.39,0.288,0.299,"Barely anything in 100 um size fraction. Pteropod in 335 um.",1,NA
"EN720","L7","16","EN720_L7_B16",2024-09-09 20:59:27,2024-09-09 21:15:36,40.256493,-70.884827,40.247167,-70.887108,120,115,89,89,40,179,30,20,NA,2,NA,2,29914,44208,81658,37450,294.068,"Y","Y",29913,736754,772330,35576,279.353,"Y","Y","Y","Y","Y",3.027,3.186,0.34,0.358,"Currents very strong underwater and angle kept changing so could not get to target depth. Flatfish larvae in 335 um net. Some salps. Preserved 2 fish from 20 um net in cryovials. Not a lot of sample in 20 um size fraction. No 100 um size fraction.",1,NA
"EN720","L9","19","EN720_L9_B19",2024-09-10 07:14:00,2024-09-10 07:40:14,40.030837,-70.883068,40.020245,-70.882823,225,200,219.49,219.49,45,283,30,20,NA,2,NA,2,29914,81659,127160,45501,357.287,"Y","Y",29913,772324,817032,44708,351.06,"Y","Y","Y","Y","Y",6.143,6.252,0.28,0.285,"1/7 mile off station due to fishing boat. Not enough sample for 100 size fraction. Blue copepods and krill.",1,NA
"EN720","L3","20","EN720_L3_B20",2024-09-10 21:12:03,2024-09-10 21:22:53,40.857203,-70.881698,40.851358,-70.881873,55,50,50.81,50.81,50,80,30,17,NA,2,NA,2,29914,127159,140676,13517,106.139,"Y","Y",29913,817057,829088,12031,94.471,"Y","Y","Y","Y","Y",4.787,5.378,0.942,1.059,"Hit bottom. Sieved out as much sand as possible. Caught medusae in 150 um net and preserved in EtOH in separate jar. Not enough material for 100 um size fraction.",3,"hit bottom."
"EN720","MVCO","24","EN720_MVCO_B24",2024-09-11 05:53:05,2024-09-11 05:59:16,41.315973,-70.585915,41.31428,-70.589727,18,12,8.34,8.34,55,21,14,4,NA,2,NA,2,29914,140679,153163,12484,98.028,"Y","Y",29913,829102,837926,8824,69.289,"Y","Y","Y","Y","Y",0.851,1.204,1.02,1.443,"Sand in the sample. TDR depth not near bottom. Not enough sample for 100 size fraction.",1,NA
"EN617","MVCO","35B","EN617_MVCO_B35B",NA,NA,NA,NA,NA,NA,17,10,NA,8.49,45,12,5,5,NA,NA,NA,NA,28769,569225,632748,63523,NA,"N","N",28770,657166,692509,35343,NA,"N","N","N","N","N",NA,NA,NA,NA,"Flowmeter calibration tow (sample not kept). Again the 335 count was higher. But this time the 150 was so low (half the 335) that something must have made it get stuck.",NA,NA
