"","dateTime8601","instrument","action","station","cast","lat","lon","comment","message.ID","cruise","year","month","day","time","dateTime","date","datetime_decimaldoy","speedlog_waterspeedfwd","speedlog_groundspeedfwd"
"1","2018-01-31 20:46:13+00:00","Bongo Net","deploy","L1","B1",41.1947,-70.8826,"net rinsed down at 21:50 bc had to get seawater hose set up",NA,"EN608",2018,1,31,"20:46:13",2018-01-31 20:46:13,"2018-01-31 20:46:00+00:00",30.8652778,1.47,1.47
"2","2018-02-01 06:24:59+00:00","Bongo Net","deploy","L2","B4",41.0105,-70.8686,NA,NA,"EN608",2018,2,1,"06:24:59",2018-02-01 06:24:59,"2018-02-01 06:24:00+00:00",31.2666667,1.59,1.59
"3","2018-02-01 10:24:59+00:00","Bongo Net","deploy","L3","B5",40.8435,-70.8872,"time adjusted manually - note the event time is when stowed on deck",NA,"EN608",2018,2,1,"10:24:59",2018-02-01 10:24:59,"2018-02-01 10:24:00+00:00",31.4333333,1.22,1.22
"4","2018-02-01 20:08:01+00:00","Bongo Net","deploy","L4","B8",40.6829,-70.8819,NA,NA,"EN608",2018,2,1,"20:08:01",2018-02-01 20:08:01,"2018-02-01 20:08:00+00:00",31.8388889,1.22,1.22
"5","2018-02-02 00:11:58+00:00","Bongo Net","deploy","L5","B9",40.5184,-70.9003,"Entered after the tow; time taken from TDR (thus accurate)",NA,"EN608",2018,2,2,"00:11:58",2018-02-02 00:11:58,"2018-02-02 00:11:00+00:00",32.0076389,1.06,1.06
"6","2018-02-02 11:15:59+00:00","Bongo Net","deploy","L6","B12",40.353,-70.8972,"adjust time manually 10:52 - 25 to 30 kt wind recovery was above comfort level bridge agrees",NA,"EN608",2018,2,2,"11:15:59",2018-02-02 11:15:59,"2018-02-02 11:15:00+00:00",32.46875,2.07,2.07
"7","2018-02-03 18:34:36+00:00","Bongo Net","deploy","L11","B19",39.7599,-70.8901,NA,NA,"EN608",2018,2,3,"18:34:36",2018-02-03 18:34:36,"2018-02-03 18:34:00+00:00",33.7736111,1.84,1.84
"8","2018-02-03 23:44:59+00:00","Bongo Net","deploy","L10","B21",39.9166,-70.8867,"Edited time to be 7 min earlier than when event entered",NA,"EN608",2018,2,3,"23:44:59",2018-02-03 23:44:59,"2018-02-03 23:44:00+00:00",33.9888889,1.67,1.67
"9","2018-02-04 02:40:00+00:00","Bongo Net","deploy","L9","B22",40.0931,-70.8687,"Logged 10 min after start. Changed time to reflect this.",NA,"EN608",2018,2,4,"02:40:00",2018-02-04 02:40:00,"2018-02-04 02:40:00+00:00",34.1111111,1.69,1.69
"10","2018-02-04 05:49:29+00:00","Bongo Net","deploy","L7","B23",40.2201,-70.866,NA,NA,"EN608",2018,2,4,"05:49:29",2018-02-04 05:49:29,"2018-02-04 05:49:00+00:00",34.2423611,1.54,1.54
"11","2018-02-05 00:24:59+00:00","Bongo Net","deploy","MVCO","B30",41.3201,-70.5718,"time adjusted manually; is exact time of deployment",NA,"EN608",2018,2,5,"00:24:59",2018-02-05 00:24:59,"2018-02-05 00:24:00+00:00",35.0166667,0.02,0.02
"12","2018-07-20 18:45:31+00:00","Bongo Net","deploy","L1","B1",41.203333,-70.887017,"New Winch from EN608",NA,"EN617",2018,7,20,"18:45:31",2018-07-20 18:45:31,"2018-07-20 18:45:00+00:00",200.78125,1.25,1.25
"13","2018-07-20 22:14:54+00:00","Bongo Net","deploy","L2","B2",41.034783,-70.875367,NA,NA,"EN617",2018,7,20,"22:14:54",2018-07-20 22:14:54,"2018-07-20 22:14:00+00:00",200.9263889,1.73,1.73
"14","2018-07-21 07:38:01+00:00","Bongo Net","deploy","L3","B5",40.86585,-70.882533,NA,NA,"EN617",2018,7,21,"07:38:01",2018-07-21 07:38:01,"2018-07-21 07:38:00+00:00",201.3180556,1.65,1.65
"15","2018-07-21 15:38:27+00:00","Bongo Net","deploy","L4","B8",40.706033,-70.871483,NA,NA,"EN617",2018,7,21,"15:38:27",2018-07-21 15:38:27,"2018-07-21 15:38:00+00:00",201.6513889,1.65,1.65
"16","2018-07-21 18:04:45+00:00","Bongo Net","deploy","L5","B9",40.5224,-70.87265,NA,NA,"EN617",2018,7,21,"18:04:45",2018-07-21 18:04:45,"2018-07-21 18:04:00+00:00",201.7527778,1.24,1.24
"17","2018-07-22 02:53:53+00:00","Bongo Net","deploy","L6","B12",40.375433,-70.8851,NA,NA,"EN617",2018,7,22,"02:53:53",2018-07-22 02:53:53,"2018-07-22 02:53:00+00:00",202.1201389,1.27,1.27
"18","2018-07-22 05:50:27+00:00","Bongo Net","deploy","L7","B13",40.23185,-70.886017,NA,NA,"EN617",2018,7,22,"05:50:27",2018-07-22 05:50:27,"2018-07-22 05:50:00+00:00",202.2430556,1.27,1.27
"19","2018-07-22 07:43:16+00:00","Bongo Net","deploy","L8","B14",40.142217,-70.76645,NA,NA,"EN617",2018,7,22,"07:43:16",2018-07-22 07:43:16,"2018-07-22 07:43:00+00:00",202.3215278,1.24,1.24
"20","2018-07-22 19:06:34+00:00","Bongo Net","deploy","L9","B17",40.0996,-70.87415,NA,NA,"EN617",2018,7,22,"19:06:34",2018-07-22 19:06:34,"2018-07-22 19:06:00+00:00",202.7958333,1.83,1.83
"21","2018-07-22 22:50:12+00:00","Bongo Net","deploy","L10","B18",39.943733,-70.870183,NA,NA,"EN617",2018,7,22,"22:50:12",2018-07-22 22:38:00,"2018-07-22 22:38:00+00:00",202.9430556,0.49,0.49
"22","2018-07-23 14:47:01+00:00","Bongo Net","deploy","L11","B21",39.771317,-70.876533,NA,NA,"EN617",2018,7,23,"14:47:01",2018-07-23 14:47:01,"2018-07-23 14:47:00+00:00",203.6159722,1.3,1.3
"23","2018-07-24 08:19:46+00:00","Bongo Net","deploy","L11","B25A",39.768483,-70.856617,"tow yo to 10 meters for 1 nm to calibrate flowmeter--tow 1",NA,"EN617",2018,7,24,"08:19:46",2018-07-24 08:19:46,"2018-07-24 08:19:00+00:00",204.3465278,1.32,1.32
"24","2018-07-24 08:48:46+00:00","Bongo Net","recover","L11","B25A",39.757967,-70.837417,"tow yo to 10 meters for 1 nm to calibrate flowmeter--tow 1",NA,"EN617",2018,7,24,"08:48:46",2018-07-24 08:48:46,"2018-07-24 08:48:00+00:00",204.3666667,1.94,1.94
"25","2018-07-24 09:24:16+00:00","Bongo Net","deploy","L11","B25B",39.761433,-70.84275,"tow yo to 10 meters for 1 nm to calibrate flowmeter--tow 2",NA,"EN617",2018,7,24,"09:24:16",2018-07-24 09:24:16,"2018-07-24 09:24:00+00:00",204.3916667,2.13,2.13
"26","2018-07-24 09:53:01+00:00","Bongo Net","recover","L11","B25B",39.770633,-70.860533,"tow yo to 10 meters for 1 nm to calibrate flowmeter--tow 2",NA,"EN617",2018,7,24,"09:53:01",2018-07-24 09:53:01,"2018-07-24 09:53:00+00:00",204.4118056,2.26,2.26
"27","2018-07-25 01:43:00+00:00","Bongo Net","deploy","MVCO","B35",41.3223,-70.57515,NA,NA,"EN617",2018,7,25,"01:43:00",2018-07-25 01:43:00,"2018-07-25 01:43:00+00:00",205.0715278,1.92,1.92
"28","2019-02-02 07:43:19+00:00","Bongo Net","deploy","L2",NA,41.0296,-70.8801,"NETS HIT BOTTOM AND COLLECTED SAND; NO SAMPLE SAVED; FOLLOWING THIS WITH WINCH WIRE SPEED CALIBRATION",NA,"EN627",2019,2,2,"07:43:19",2019-02-02 07:43:19,"2019-02-02 07:43:00+00:00",32.3215278,1.37,1.37
"29","2019-02-02 08:31:43+00:00","Bongo Net","deploy","L2","B7",41.0226,-70.8842,"SECOND ATTEMPT FOR B07",NA,"EN627",2019,2,2,"08:31:43",2019-02-02 08:31:43,"2019-02-02 08:31:00+00:00",32.3548611,1.77,1.77
"30","2019-02-02 10:43:38+00:00","Bongo Net","deploy","L3","B8",40.8625,-70.8819,NA,NA,"EN627",2019,2,2,"10:43:38",2019-02-02 10:43:38,"2019-02-02 10:43:00+00:00",32.4465278,2.11,2.11
"31","2019-02-02 10:49:48+00:00","Bongo Net","recover","L3","B8",40.8636,-70.8852,NA,NA,"EN627",2019,2,2,"10:49:48",2019-02-02 10:49:48,"2019-02-02 10:49:00+00:00",32.4506944,1.85,1.85
"32","2019-02-02 20:35:34+00:00","Bongo Net","deploy","L4","B12",40.694892,-70.87184,NA,NA,"EN627",2019,2,2,"20:35:34",2019-02-02 20:35:34,"2019-02-02 20:35:00+00:00",32.8576389,2.19,2.19
"33","2019-02-02 20:45:19+00:00","Bongo Net","recover","L4","B12",40.690232,-70.872432,NA,NA,"EN627",2019,2,2,"20:45:19",2019-02-02 20:45:19,"2019-02-02 20:45:00+00:00",32.8645833,1.18,1.18
"34","2019-02-03 11:33:34+00:00","Bongo Net","deploy","L6","B16",40.364375,-70.89299,NA,NA,"EN627",2019,2,3,"11:33:34",2019-02-03 11:33:34,"2019-02-03 11:33:00+00:00",33.48125,2.19,2.19
"35","2019-02-03 11:45:19+00:00","Bongo Net","recover","L6","B16",40.36728,-70.899867,NA,NA,"EN627",2019,2,3,"11:45:19",2019-02-03 11:45:19,"2019-02-03 11:45:00+00:00",33.4895833,1.77,1.77
"36","2019-02-03 14:31:34+00:00","Bongo Net","deploy","L7","B17",40.227492,-70.889165,"added 2 minutes to account for fixing orientation of 20 um net; these during two minutes bongo was sampling surface water",NA,"EN627",2019,2,3,"14:31:34",2019-02-03 14:31:34,"2019-02-03 14:31:00+00:00",33.6048611,2.09,2.09
"37","2019-02-03 14:50:12+00:00","Bongo Net","recover","L7","B17",40.223787,-70.898028,NA,NA,"EN627",2019,2,3,"14:50:12",2019-02-03 14:50:12,"2019-02-03 14:50:00+00:00",33.6180556,1.77,1.77
"38","2019-02-03 18:56:34+00:00","Bongo Net","deploy","L8","B19",40.120472,-70.766567,"Updated time to start of re-do cast--hit bottom on first cast",NA,"EN627",2019,2,3,"18:56:34",2019-02-03 18:56:34,"2019-02-03 18:56:00+00:00",33.7888889,1.9,1.9
"39","2019-02-03 19:12:04+00:00","Bongo Net","recover","L8","B19",40.115012,-70.76863,NA,NA,"EN627",2019,2,3,"19:12:04",2019-02-03 19:12:04,"2019-02-03 19:12:00+00:00",33.8,1.5,1.5
"40","2019-02-04 02:28:04+00:00","Bongo Net","deploy","L9",NA,40.100357,-70.876457,"tow stopped; meter block malfunctioning NO SAMPLE SAVED",NA,"EN627",2019,2,4,"02:28:04",2019-02-04 02:28:04,"2019-02-04 02:28:00+00:00",34.1027778,1.97,1.97
"41","2019-02-04 02:31:04+00:00","Bongo Net","recover","L9",NA,40.101997,-70.876555,"No sample",NA,"EN627",2019,2,4,"02:31:04",2019-02-04 02:31:04,"2019-02-04 02:31:00+00:00",34.1048611,1.99,1.99
"42","2019-02-04 02:48:49+00:00","Bongo Net","deploy","L9","B22",40.104692,-70.878587,NA,NA,"EN627",2019,2,4,"02:48:49",2019-02-04 02:48:49,"2019-02-04 02:48:00+00:00",34.1166667,1.79,1.79
"43","2019-02-04 03:07:04+00:00","Bongo Net","recover","L9","B22",40.112435,-70.87423,NA,NA,"EN627",2019,2,4,"03:07:04",2019-02-04 03:07:04,"2019-02-04 03:07:00+00:00",34.1298611,2.05,2.05
"44","2019-02-04 07:39:04+00:00","Bongo Net","deploy","L10","B24",39.938198,-70.884807,NA,NA,"EN627",2019,2,4,"07:39:04",2019-02-04 07:39:04,"2019-02-04 07:39:00+00:00",34.31875,2.04,2.04
"45","2019-02-04 08:05:04+00:00","Bongo Net","recover","L10","B24",39.944832,-70.876267,NA,NA,"EN627",2019,2,4,"08:05:04",2019-02-04 08:05:04,"2019-02-04 08:05:00+00:00",34.3368056,1.54,1.54
"46","2019-02-04 10:36:19+00:00","Bongo Net","deploy","L11","B25",39.77296,-70.883958,"extra 3 minutes at surface to untwist 20 um net upon deployment",NA,"EN627",2019,2,4,"10:36:19",2019-02-04 10:36:19,"2019-02-04 10:36:00+00:00",34.4416667,1.88,1.88
"47","2019-02-04 11:13:19+00:00","Bongo Net","recover","L11","B25",39.791038,-70.883995,NA,NA,"EN627",2019,2,4,"11:13:19",2019-02-04 11:13:19,"2019-02-04 11:13:00+00:00",34.4673611,1.57,1.57
"48","2019-02-04 19:33:19+00:00","Bongo Net","other","L11",NA,39.77275,-70.88184,"Flowmeter Calibration 1 Start",NA,"EN627",2019,2,4,"19:33:19",2019-02-04 19:46:00,"2019-02-04 19:46:00+00:00",34.8236111,1.71,1.71
"49","2019-02-04 20:14:19+00:00","Bongo Net","other","L11",NA,39.765645,-70.860492,"Flowmeter Calibration 1 End",NA,"EN627",2019,2,4,"20:14:19",2019-02-04 20:14:19,"2019-02-04 20:14:00+00:00",34.8430556,1.56,1.56
"50","2019-02-04 20:25:49+00:00","Bongo Net","other","L11",NA,39.763642,-70.859907,"Flowmeter Calibration 2 Start",NA,"EN627",2019,2,4,"20:25:49",2019-02-04 20:25:49,"2019-02-04 20:25:00+00:00",34.8506944,1.96,1.96
"51","2019-02-04 20:36:19+00:00","Bongo Net","other","L11",NA,39.76604,-70.866005,"Flowmeter Calibration 2 End",NA,"EN627",2019,2,4,"20:36:19",2019-02-04 20:36:19,"2019-02-04 20:36:00+00:00",34.8583333,2.09,2.09
"52","2019-02-05 03:38:19+00:00","Bongo Net","deploy","u11c","B29",39.78149,-70.527048,NA,NA,"EN627",2019,2,5,"03:38:19",2019-02-05 03:38:19,"2019-02-05 03:38:00+00:00",35.1513889,2.22,2.22
"53","2019-02-05 04:09:19+00:00","Bongo Net","recover","u11c","B29",39.794687,-70.524907,NA,NA,"EN627",2019,2,5,"04:09:19",2019-02-05 04:09:19,"2019-02-05 04:09:00+00:00",35.1729167,1.53,1.53
"54","2019-02-05 19:24:04+00:00","Bongo Net","deploy","L5","B40",40.512102,-70.886,NA,NA,"EN627",2019,2,5,"19:24:04",2019-02-05 19:24:04,"2019-02-05 19:24:00+00:00",35.8083333,2.78,2.78
"55","2019-02-05 19:33:34+00:00","Bongo Net","recover","L5","B40",40.507608,-70.881883,NA,NA,"EN627",2019,2,5,"19:33:34",2019-02-05 19:33:34,"2019-02-05 19:33:00+00:00",35.8145833,2.04,2.04
"56","2019-02-06 02:03:04+00:00","Bongo Net","deploy","L1","B44",41.193605,-70.881818,NA,NA,"EN627",2019,2,6,"02:03:04",2019-02-06 02:03:04,"2019-02-06 02:03:00+00:00",36.0854167,1.99,1.99
"57","2019-02-06 02:08:00+00:00","Bongo Net","recover","L1","B44",41.191173,-70.882293,NA,NA,"EN627",2019,2,6,"02:08:00",2019-02-06 02:08:00,"2019-02-06 02:08:00+00:00",36.0888889,1.77,1.77
"58","2019-02-06 04:40:14+00:00","Bongo Net","deploy","MVCO","B45",41.318197,-70.574758,NA,NA,"EN627",2019,2,6,"04:40:14",2019-02-06 04:40:14,"2019-02-06 04:40:00+00:00",36.1944444,1.55,1.55
"59","2019-02-06 04:44:04+00:00","Bongo Net","recover","MVCO","B45",41.317912,-70.577323,NA,NA,"EN627",2019,2,6,"04:44:04",2019-02-06 04:44:04,"2019-02-06 04:44:00+00:00",36.1972222,1.97,1.97
"60","2019-08-20 20:19:00+00:00","Bongo Net","deploy","L1","B1",41.1934,-70.8845,NA,66,"EN644",2019,8,20,"20:19:00",2019-08-20 20:19:00,"2019-08-20 20:19:00+00:00",231.8465278,1.67,1.67
"61","2019-08-20 20:23:02+00:00","Bongo Net","recover","L1","B1",41.1922,-70.8822,NA,67,"EN644",2019,8,20,"20:23:02",2019-08-20 20:23:02,"2019-08-20 20:23:00+00:00",231.8493056,1.12,1.12
"62","2019-08-21 00:01:02+00:00","Bongo Net","deploy","L2","B2",41.0276,-70.8794,NA,68,"EN644",2019,8,21,"00:01:02",2019-08-21 00:01:02,"2019-08-21 00:01:00+00:00",232.0006944,1.31,1.31
"63","2019-08-21 00:10:00+00:00","Bongo Net","recover","L2","B2",41.0267,-70.8761,NA,69,"EN644",2019,8,21,"00:10:00",2019-08-21 00:10:00,"2019-08-21 00:10:00+00:00",232.0069444,1.53,1.53
"64","2019-08-21 08:15:02+00:00","Bongo Net","deploy","L3","B5",40.8648,-70.8748,NA,89,"EN644",2019,8,21,"08:15:02",2019-08-21 08:15:02,"2019-08-21 08:15:00+00:00",232.34375,1.57,1.57
"65","2019-08-21 08:25:02+00:00","Bongo Net","recover","L3","B5",40.8676,-70.8688,NA,90,"EN644",2019,8,21,"08:25:02",2019-08-21 08:25:02,"2019-08-21 08:25:00+00:00",232.3506944,1.66,1.66
"66","2019-08-21 21:12:00+00:00","Bongo Net","deploy","L6","B7",40.3441,-70.875,NA,105,"EN644",2019,8,21,"21:12:00",2019-08-21 21:12:00,"2019-08-21 21:12:00+00:00",232.8833333,1.48,1.48
"67","2019-08-21 21:25:00+00:00","Bongo Net","recover","L6","B7",40.3378,-70.8751,NA,106,"EN644",2019,8,21,"21:25:00",2019-08-21 21:25:00,"2019-08-21 21:25:00+00:00",232.8923611,1.89,1.89
"68","2019-08-22 02:51:00+00:00","Bongo Net","deploy","L7","B8",40.2217,-70.8846,NA,115,"EN644",2019,8,22,"02:51:00",2019-08-22 02:51:00,"2019-08-22 02:51:00+00:00",233.11875,1.06,1.06
"69","2019-08-22 03:05:00+00:00","Bongo Net","recover","L7","B8",40.2158,-70.8879,NA,116,"EN644",2019,8,22,"03:05:00",2019-08-22 03:05:00,"2019-08-22 03:05:00+00:00",233.1284722,2.03,2.03
"70","2019-08-22 05:31:01+00:00","Bongo Net","deploy","L8","B9",40.1212,-70.7736,NA,120,"EN644",2019,8,22,"05:31:01",2019-08-22 05:31:01,"2019-08-22 05:31:00+00:00",233.2298611,2.91,2.91
"71","2019-08-22 05:36:01+00:00","Bongo Net","recover","L8","B9",40.1194,-70.7792,"Didn't collect sample because of bad weather",121,"EN644",2019,8,22,"05:36:01",2019-08-22 05:36:01,"2019-08-22 05:36:00+00:00",233.2333333,2.94,2.94
"72","2019-08-22 17:47:01+00:00","Bongo Net","deploy","L10","B13",39.9319,-70.8849,NA,142,"EN644",2019,8,22,"17:47:01",2019-08-22 17:47:01,"2019-08-22 17:47:00+00:00",233.7409722,1.28,1.28
"73","2019-08-22 18:15:01+00:00","Bongo Net","recover","L10","B13",39.9255,-70.8883,NA,164,"EN644",2019,8,22,"18:15:01",2019-08-22 18:15:01,"2019-08-22 18:15:00+00:00",233.7604167,0.63,0.63
"74","2019-08-23 03:07:02+00:00","Bongo Net","deploy","L11","B17",39.762,-71.0547,NA,165,"EN644",2019,8,23,"03:07:02",2019-08-23 03:07:02,"2019-08-23 03:07:00+00:00",234.1298611,1.7,1.7
"75","2019-08-23 03:30:02+00:00","Bongo Net","recover","L11","B17",39.756,-71.0559,NA,166,"EN644",2019,8,23,"03:30:02",2019-08-23 03:30:02,"2019-08-23 03:30:00+00:00",234.1458333,1.43,1.43
"76","2019-08-23 16:15:02+00:00","Bongo Net","deploy","L9","B18",40.1152,-70.8848,"3rd attempt to not hit the bottom and get a sample here (success!); 157mwo max  1.5kts thru the water",178,"EN644",2019,8,23,"16:15:02",2019-08-23 16:15:02,"2019-08-23 16:15:00+00:00",234.6770833,1.47,1.47
"77","2019-08-23 16:30:02+00:00","Bongo Net","recover","L9","B18",40.1223,-70.886,NA,184,"EN644",2019,8,23,"16:30:02",2019-08-23 16:30:02,"2019-08-23 16:30:00+00:00",234.6875,1.63,1.63
"78","2019-08-24 03:21:02+00:00","Bongo Net","deploy","L5","B22",40.5178,-70.8856,NA,203,"EN644",2019,8,24,"03:21:02",2019-08-24 03:21:02,"2019-08-24 03:21:00+00:00",235.1395833,0.53,0.53
"79","2019-08-24 03:29:00+00:00","Bongo Net","recover","L5","B22",40.5202,-70.8864,NA,204,"EN644",2019,8,24,"03:29:00",2019-08-24 03:29:00,"2019-08-24 03:29:00+00:00",235.1451389,1.29,1.29
"80","2019-08-24 04:53:47+00:00","Bongo Net","deploy","L4","B23",40.6955,-70.888,NA,199,"EN644",2019,8,24,"04:53:47",2019-08-24 04:53:47,"2019-08-24 04:53:00+00:00",235.2034722,1.27,1.27
"81","2019-08-24 05:04:11+00:00","Bongo Net","recover","L4","B23",40.6968,-70.8936,NA,201,"EN644",2019,8,24,"05:04:11",2019-08-24 05:04:11,"2019-08-24 05:04:00+00:00",235.2111111,0.92,0.92
"82","2019-08-25 04:43:02+00:00","Bongo Net","deploy","MVCO","B29",41.3175,-70.5854,NA,249,"EN644",2019,8,25,"04:43:02",2019-08-25 04:43:02,"2019-08-25 04:43:00+00:00",236.1965278,1.39,1.39
"83","2019-08-25 04:47:02+00:00","Bongo Net","recover","MVCO","B29",41.3174,-70.5832,NA,250,"EN644",2019,8,25,"04:47:02",2019-08-25 04:47:02,"2019-08-25 04:47:00+00:00",236.1993056,1.59,1.59
"84","2020-02-01 18:48:55+00:00","Bongo Net","deploy","L1","B1",41.2087,-70.8935,NA,23,"EN649",2020,2,1,"18:48:55",2020-02-01 18:48:55,"2020-02-01 18:48:00+00:00",31.7833333,1.59,1.59
"85","2020-02-01 18:53:55+00:00","Bongo Net","recover","L1","B1",41.2107,-70.8945,NA,24,"EN649",2020,2,1,"18:53:55",2020-02-01 18:53:55,"2020-02-01 18:53:00+00:00",31.7868056,1.49,1.49
"86","2020-02-01 23:26:00+00:00","Bongo Net","deploy","MVCO","B2",41.3214,-70.5812,NA,36,"EN649",2020,2,1,"23:26:00",2020-02-01 23:26:00,"2020-02-01 23:26:00+00:00",31.9763889,1.73,1.73
"87","2020-02-01 23:31:00+00:00","Bongo Net","recover","MVCO","B2",41.3206,-70.5837,NA,37,"EN649",2020,2,1,"23:31:00",2020-02-01 23:31:00,"2020-02-01 23:31:00+00:00",31.9798611,1.2,1.2
"88","2020-02-02 09:16:50+00:00","Bongo Net","deploy","L2","B5",41.0319,-70.8913,NA,50,"EN649",2020,2,2,"09:16:50",2020-02-02 09:16:50,"2020-02-02 09:16:00+00:00",32.3861111,1.69,1.69
"89","2020-02-02 09:28:53+00:00","Bongo Net","recover","L2","B5",41.0332,-70.8974,NA,51,"EN649",2020,2,2,"09:28:53",2020-02-02 09:28:53,"2020-02-02 09:28:00+00:00",32.3944444,1.87,1.87
"90","2020-02-02 12:40:05+00:00","Bongo Net","deploy","L3","B6",40.8632,-70.8917,NA,54,"EN649",2020,2,2,"12:40:05",2020-02-02 12:40:05,"2020-02-02 12:40:00+00:00",32.5277778,1.86,1.86
"91","2020-02-02 12:52:43+00:00","Bongo Net","recover","L3","B6",40.8657,-70.8986,NA,55,"EN649",2020,2,2,"12:52:43",2020-02-02 12:52:43,"2020-02-02 12:52:00+00:00",32.5361111,1.56,1.56
"92","2020-02-02 23:07:00+00:00","Bongo Net","deploy","L7","B7",40.2198,-70.8985,NA,68,"EN649",2020,2,2,"23:07:00",2020-02-02 23:07:00,"2020-02-02 23:07:00+00:00",32.9631944,1.67,1.67
"93","2020-02-02 23:25:00+00:00","Bongo Net","recover","L7","B7",40.2159,-70.9112,NA,69,"EN649",2020,2,2,"23:25:00",2020-02-02 23:25:00,"2020-02-02 23:25:00+00:00",32.9756944,1.89,1.89
"94","2020-02-03 01:36:00+00:00","Bongo Net","deploy","L8","B8",40.121,-70.8076,NA,76,"EN649",2020,2,3,"01:36:00",2020-02-03 01:36:00,"2020-02-03 01:36:00+00:00",33.0666667,0.99,0.99
"95","2020-02-03 01:58:00+00:00","Bongo Net","recover","L8","B8",40.1117,-70.825,NA,77,"EN649",2020,2,3,"01:58:00",2020-02-03 01:58:00,"2020-02-03 01:58:00+00:00",33.0819444,1.63,1.63
"96","2020-02-03 09:31:54+00:00","Bongo Net","deploy","L9","B11",40.0902,-70.9232,NA,88,"EN649",2020,2,3,"09:31:54",2020-02-03 09:31:54,"2020-02-03 09:31:00+00:00",33.3965278,1.47,1.47
"97","2020-02-03 09:55:10+00:00","Bongo Net","recover","L9","B11",40.0885,-70.9436,NA,89,"EN649",2020,2,3,"09:55:10",2020-02-03 09:55:10,"2020-02-03 09:55:00+00:00",33.4131944,1.53,1.53
"98","2020-02-03 18:22:00+00:00","Bongo Net","deploy","L10","B12",39.9366,-70.9128,NA,96,"EN649",2020,2,3,"18:22:00",2020-02-03 18:22:00,"2020-02-03 18:22:00+00:00",33.7652778,1.64,1.64
"99","2020-02-03 18:59:00+00:00","Bongo Net","recover","L10","B12",39.9312,-70.9398,NA,100,"EN649",2020,2,3,"18:59:00",2020-02-03 18:59:00,"2020-02-03 18:59:00+00:00",33.7909722,1.76,1.76
"100","2020-02-04 13:16:12+00:00","Bongo Net","deploy","L11","B16",39.7693,-70.8872,NA,129,"EN649",2020,2,4,"13:16:12",2020-02-04 13:16:12,"2020-02-04 13:16:00+00:00",34.5527778,1.9,1.9
"101","2020-02-04 13:49:37+00:00","Bongo Net","recover","L11","B16",39.7605,-70.8931,NA,130,"EN649",2020,2,4,"13:49:37",2020-02-04 13:49:37,"2020-02-04 13:49:00+00:00",34.5756944,1.67,1.67
"102","2020-02-05 04:42:00+00:00","Bongo Net","deploy","L6","B19",40.2961,-70.8693,"started tow 4nm south of L6 to avoid fishing gear",157,"EN649",2020,2,5,"04:42:00",2020-02-05 04:42:00,"2020-02-05 04:42:00+00:00",35.1958333,1.84,1.84
"103","2020-02-05 04:57:00+00:00","Bongo Net","recover","L6","B19",40.2888,-70.8696,NA,158,"EN649",2020,2,5,"04:57:00",2020-02-05 04:57:00,"2020-02-05 04:57:00+00:00",35.20625,1.92,1.92
"104","2020-02-05 06:43:55+00:00","Bongo Net","deploy","L5","B20",40.5154,-70.8769,NA,161,"EN649",2020,2,5,"06:43:55",2020-02-05 06:43:55,"2020-02-05 06:43:00+00:00",35.2798611,1.23,1.23
"105","2020-02-05 06:53:55+00:00","Bongo Net","recover","L5","B20",40.5123,-70.8802,NA,162,"EN649",2020,2,5,"06:53:55",2020-02-05 06:53:55,"2020-02-05 06:53:00+00:00",35.2868056,1.51,1.51
"106","2020-02-05 09:31:03+00:00","Bongo Net","deploy","L4","B21",40.6991,-70.8866,NA,163,"EN649",2020,2,5,"09:31:03",2020-02-05 09:31:03,"2020-02-05 09:31:00+00:00",35.3965278,2.12,2.12
"107","2020-02-05 09:39:44+00:00","Bongo Net","recover","L4","B21",40.7024,-70.8897,NA,167,"EN649",2020,2,5,"09:39:44",2020-02-05 09:39:44,"2020-02-05 09:39:00+00:00",35.4020833,1.73,1.73
"108","2020-07-25 16:19:57+00:00","Bongo Net","deploy","L1","B1",41.2021,-70.879,NA,22,"EN655",2020,7,25,"16:19:57",2020-07-25 16:19:57,"2020-07-25 16:19:00+00:00",206.6798611,0.88,0.88
"109","2020-07-25 16:27:00+00:00","Bongo Net","recover","L1","B1",41.1997,-70.8768,NA,85,"EN655",2020,7,25,"16:27:00",2020-07-25 16:27:00,"2020-07-25 16:27:00+00:00",206.6854167,1.38,1.38
"110","2020-07-25 18:22:57+00:00","Bongo Net","deploy","L2","B2",41.0298,-70.8748,NA,23,"EN655",2020,7,25,"18:22:57",2020-07-25 18:22:57,"2020-07-25 18:22:00+00:00",206.7652778,1.69,1.69
"111","2020-07-25 18:31:00+00:00","Bongo Net","recover","L2","B2",41.0291,-70.8699,NA,86,"EN655",2020,7,25,"18:31:00",2020-07-25 18:31:00,"2020-07-25 18:31:00+00:00",206.7715278,1.28,1.28
"112","2020-07-25 22:08:57+00:00","Bongo Net","deploy","L3","B3",40.8478,-70.8811,NA,49,"EN655",2020,7,25,"22:08:57",2020-07-25 22:08:57,"2020-07-25 22:08:00+00:00",206.9222222,1.4,1.4
"113","2020-07-25 22:24:57+00:00","Bongo Net","recover","L3","B3",40.8403,-70.8809,NA,50,"EN655",2020,7,25,"22:24:57",2020-07-25 22:24:57,"2020-07-25 22:24:00+00:00",206.9333333,1.48,1.48
"114","2020-07-26 11:53:57+00:00","Bongo Net","deploy","L4","B7",40.6978,-70.8814,NA,51,"EN655",2020,7,26,"11:53:57",2020-07-26 11:53:57,"2020-07-26 11:53:00+00:00",207.4951389,1.46,1.46
"115","2020-07-26 12:02:57+00:00","Bongo Net","recover","L4","B7",40.6945,-70.8839,NA,52,"EN655",2020,7,26,"12:02:57",2020-07-26 12:02:57,"2020-07-26 12:02:00+00:00",207.5013889,1.69,1.69
"116","2020-07-26 19:41:28+00:00","Bongo Net","deploy","L5","B10",40.5049,-70.8765,NA,62,"EN655",2020,7,26,"19:41:28",2020-07-26 19:39:00,"2020-07-26 19:39:00+00:00",207.81875,1.83,1.83
"117","2020-07-26 19:49:00+00:00","Bongo Net","recover","L5","B10",40.5018,-70.8756,NA,114,"EN655",2020,7,26,"19:49:00",2020-07-26 19:49:00,"2020-07-26 19:49:00+00:00",207.8256944,1.68,1.68
"118","2020-07-27 02:04:00+00:00","Bongo Net","deploy","L7","B11",40.2184,-70.8709,NA,72,"EN655",2020,7,27,"02:04:00",2020-07-27 02:04:00,"2020-07-27 02:04:00+00:00",208.0861111,1.95,1.95
"119","2020-07-27 02:20:00+00:00","Bongo Net","recover","L7","B11",40.2145,-70.8687,NA,73,"EN655",2020,7,27,"02:20:00",2020-07-27 02:20:00,"2020-07-27 02:20:00+00:00",208.0972222,1.71,1.71
"120","2020-07-27 11:13:00+00:00","Bongo Net","deploy","L10","B12",39.932,-70.8875,NA,80,"EN655",2020,7,27,"11:13:00",2020-07-27 11:13:00,"2020-07-27 11:13:00+00:00",208.4673611,1.63,1.63
"121","2020-07-27 11:41:00+00:00","Bongo Net","recover","L10","B12",39.9194,-70.8959,NA,81,"EN655",2020,7,27,"11:41:00",2020-07-27 11:41:00,"2020-07-27 11:41:00+00:00",208.4868056,1.76,1.76
"122","2020-07-27 22:05:00+00:00","Bongo Net","deploy","L9","B15",40.0992,-70.8824,"No samples; hit bottom",98,"EN655",2020,7,27,"22:05:00",2020-07-27 22:05:00,"2020-07-27 22:05:00+00:00",208.9201389,1.83,1.83
"123","2020-07-27 22:25:00+00:00","Bongo Net","recover","L9","B15",40.1009,-70.8729,"No samples; hit bottom",99,"EN655",2020,7,27,"22:25:00",2020-07-27 22:25:00,"2020-07-27 22:25:00+00:00",208.9340278,1.23,1.23
"124","2020-07-28 02:28:00+00:00","Bongo Net","deploy","L6","B16",40.1913,-70.8834,NA,112,"EN655",2020,7,28,"02:28:00",2020-07-28 02:28:00,"2020-07-28 02:28:00+00:00",209.1027778,1.79,1.79
"125","2020-07-28 02:43:00+00:00","Bongo Net","recover","L6","B16",40.1913,-70.8834,NA,113,"EN655",2020,7,28,"02:43:00",2020-07-28 02:38:00,"2020-07-28 02:38:00+00:00",209.1097222,1.24,1.24
"126","2020-10-13 18:33:01+00:00","Bongo Net","deploy","L1","B1",41.2033,-70.8644,NA,25,"EN657",2020,10,13,"18:33:01",2020-10-13 18:33:01,"2020-10-13 18:33:00+00:00",286.7729167,1.43,1.43
"127","2020-10-13 18:38:01+00:00","Bongo Net","recover","L1","B1",41.2034,-70.8621,NA,63,"EN657",2020,10,13,"18:38:01",2020-10-13 18:38:01,"2020-10-13 18:38:00+00:00",286.7763889,0.9,0.9
"128","2020-10-14 00:40:01+00:00","Bongo Net","deploy","L3","B2",40.8553,-70.8755,NA,26,"EN657",2020,10,14,"00:40:01",2020-10-14 00:40:01,"2020-10-14 00:40:00+00:00",287.0277778,1.31,1.31
"129","2020-10-14 00:48:01+00:00","Bongo Net","recover","L3","B2",40.8518,-70.8743,NA,64,"EN657",2020,10,14,"00:48:01",2020-10-14 00:48:01,"2020-10-14 00:48:00+00:00",287.0333333,1.64,1.64
"130","2020-10-14 13:39:00+00:00","Bongo Net","deploy","L2","B5",41.03,-70.8878,NA,69,"EN657",2020,10,14,"13:39:00",2020-10-14 13:39:00,"2020-10-14 13:39:00+00:00",287.56875,1.11,1.11
"131","2020-10-14 13:46:00+00:00","Bongo Net","recover","L2","B5",41.0306,-70.8912,NA,70,"EN657",2020,10,14,"13:46:00",2020-10-14 13:46:00,"2020-10-14 13:46:00+00:00",287.5736111,1.68,1.68
"132","2020-10-14 18:59:45+00:00","Bongo Net","deploy","L4","B6",40.6949,-70.8996,NA,71,"EN657",2020,10,14,"18:59:45",2020-10-14 18:59:45,"2020-10-14 18:59:00+00:00",287.7909722,2.06,2.06
"133","2020-10-14 19:09:00+00:00","Bongo Net","recover","L4","B6",40.6942,-70.9052,NA,72,"EN657",2020,10,14,"19:09:00",2020-10-14 19:09:00,"2020-10-14 19:09:00+00:00",287.7979167,1.86,1.86
"134","2020-10-14 23:50:00+00:00","Bongo Net","deploy","L5","B7",40.514,-70.8883,NA,65,"EN657",2020,10,14,"23:50:00",2020-10-14 23:50:00,"2020-10-14 23:50:00+00:00",287.9930556,1.42,1.42
"135","2020-10-15 00:02:00+00:00","Bongo Net","recover","L5","B7",40.5105,-70.8921,NA,66,"EN657",2020,10,15,"00:02:00",2020-10-15 00:02:00,"2020-10-15 00:02:00+00:00",288.0013889,1.46,1.46
"136","2020-10-15 08:42:00+00:00","Bongo Net","deploy","L10","B9",39.9308,-70.8775,NA,67,"EN657",2020,10,15,"08:42:00",2020-10-15 08:42:00,"2020-10-15 08:42:00+00:00",288.3625,1.7,1.7
"137","2020-10-15 09:09:00+00:00","Bongo Net","recover","L10","B9",39.9204,-70.8732,NA,68,"EN657",2020,10,15,"09:09:00",2020-10-15 09:09:00,"2020-10-15 09:09:00+00:00",288.38125,1.66,1.66
"138","2020-10-15 17:08:00+00:00","Bongo Net","deploy","L11","B12",39.7671,-70.8742,NA,95,"EN657",2020,10,15,"17:08:00",2020-10-15 17:08:00,"2020-10-15 17:08:00+00:00",288.7138889,1.02,1.02
"139","2020-10-15 17:33:00+00:00","Bongo Net","recover","L11","B12",39.7584,-70.8679,NA,96,"EN657",2020,10,15,"17:33:00",2020-10-15 17:33:00,"2020-10-15 17:33:00+00:00",288.73125,1.48,1.48
"140","2020-10-16 10:14:01+00:00","Bongo Net","deploy","L9","B14",40.1009,-70.8804,NA,119,"EN657",2020,10,16,"10:14:01",2020-10-16 10:14:01,"2020-10-16 10:14:00+00:00",289.4263889,0.69,0.69
"141","2020-10-16 10:30:00+00:00","Bongo Net","recover","L9","B14",40.0973,-70.8746,NA,120,"EN657",2020,10,16,"10:30:00",2020-10-16 10:30:00,"2020-10-16 10:30:00+00:00",289.4375,1.4,1.4
"142","2020-10-16 12:15:00+00:00","Bongo Net","deploy","L8","B15",40.128,-70.7654,NA,121,"EN657",2020,10,16,"12:15:00",2020-10-16 12:15:00,"2020-10-16 12:15:00+00:00",289.5104167,1.93,1.93
"143","2020-10-16 12:32:00+00:00","Bongo Net","recover","L8","B15",40.1208,-70.7581,NA,122,"EN657",2020,10,16,"12:32:00",2020-10-16 12:32:00,"2020-10-16 12:32:00+00:00",289.5222222,1.47,1.47
"144","2020-10-17 01:15:00+00:00","Bongo Net","deploy","L6","B17",40.3733,-70.8941,NA,159,"EN657",2020,10,17,"01:15:00",2020-10-17 01:15:00,"2020-10-17 01:15:00+00:00",290.0520833,1.98,1.98
"145","2020-10-17 01:26:00+00:00","Bongo Net","recover","L6","B17",40.3767,-70.8983,NA,160,"EN657",2020,10,17,"01:26:00",2020-10-17 01:26:00,"2020-10-17 01:26:00+00:00",290.0597222,1.11,1.11
"146","2020-10-17 06:18:00+00:00","Bongo Net","deploy","L7","B19",40.2225,-70.8578,NA,161,"EN657",2020,10,17,"06:18:00",2020-10-17 06:18:00,"2020-10-17 06:18:00+00:00",290.2625,1.68,1.68
"147","2020-10-17 06:28:00+00:00","Bongo Net","recover","L7","B19",40.222,-70.8525,NA,162,"EN657",2020,10,17,"06:28:00",2020-10-17 06:28:00,"2020-10-17 06:28:00+00:00",290.2694444,1.79,1.79
"148","2020-10-18 02:07:00+00:00","Bongo Net","deploy","MVCO","B20",41.322,-70.5788,NA,171,"EN657",2020,10,18,"02:07:00",2020-10-18 02:07:00,"2020-10-18 02:07:00+00:00",291.0881944,1.23,1.23
"149","2020-10-18 02:11:00+00:00","Bongo Net","recover","MVCO","B20",41.3212,-70.5803,NA,172,"EN657",2020,10,18,"02:11:00",2020-10-18 02:11:00,"2020-10-18 02:11:00+00:00",291.0909722,1.27,1.27
"150","2021-02-03 19:31:00+00:00","Bongo Net","deploy","L1","B1",41.2022,-70.8788,NA,23,"EN661",2021,2,3,"19:31:00",2021-02-03 19:31:00,"2021-02-03 19:31:00+00:00",33.8131944,1.68,1.68
"151","2021-02-03 19:36:00+00:00","Bongo Net","recover","L1","B1",41.2003,-70.8768,NA,24,"EN661",2021,2,3,"19:36:00",2021-02-03 19:36:00,"2021-02-03 19:36:00+00:00",33.8166667,1.68,1.68
"152","2021-02-04 02:24:00+00:00","Bongo Net","deploy","L2","B2",41.0328,-70.8921,NA,34,"EN661",2021,2,4,"02:24:00",2021-02-04 02:24:00,"2021-02-04 02:24:00+00:00",34.1,1.85,1.85
"153","2021-02-04 02:36:00+00:00","Bongo Net","recover","L2","B2",41.0354,-70.9001,NA,35,"EN661",2021,2,4,"02:36:00",2021-02-04 02:36:00,"2021-02-04 02:36:00+00:00",34.1083333,1.57,1.57
"154","2021-02-04 13:24:00+00:00","Bongo Net","deploy","L4","B5",40.6968,-70.89,NA,46,"EN661",2021,2,4,"13:24:00",2021-02-04 13:24:00,"2021-02-04 13:24:00+00:00",34.5583333,1.56,1.56
"155","2021-02-04 13:42:00+00:00","Bongo Net","recover","L4","B5",40.6983,-70.9009,NA,47,"EN661",2021,2,4,"13:42:00",2021-02-04 13:42:00,"2021-02-04 13:42:00+00:00",34.5708333,1.45,1.45
"156","2021-02-04 16:10:00+00:00","Bongo Net","deploy","L5","B6",40.5146,-70.8933,NA,52,"EN661",2021,2,4,"16:10:00",2021-02-04 16:10:00,"2021-02-04 16:10:00+00:00",34.6736111,1.28,1.28
"157","2021-02-04 16:30:00+00:00","Bongo Net","recover","L5","B6",40.5198,-70.904,NA,53,"EN661",2021,2,4,"16:30:00",2021-02-04 16:30:00,"2021-02-04 16:30:00+00:00",34.6875,1.75,1.75
"158","2021-02-05 01:50:00+00:00","Bongo Net","deploy","L10","B7",39.9396,-70.8898,NA,73,"EN661",2021,2,5,"01:50:00",2021-02-05 01:50:00,"2021-02-05 01:50:00+00:00",35.0763889,1.67,1.67
"159","2021-02-05 02:28:00+00:00","Bongo Net","recover","L10","B7",39.94,-70.9169,NA,75,"EN661",2021,2,5,"02:28:00",2021-02-05 02:28:00,"2021-02-05 02:28:00+00:00",35.1027778,0.85,0.85
"160","2021-02-05 13:55:00+00:00","Bongo Net","deploy","L11","B10",39.7692,-70.8712,NA,98,"EN661",2021,2,5,"13:55:00",2021-02-05 13:55:00,"2021-02-05 13:55:00+00:00",35.5798611,0.87,0.87
"161","2021-02-05 14:33:00+00:00","Bongo Net","recover","L11","B10",39.7574,-70.8677,"The cod end on the 335um mesh net broke as it hit the side of the ship during recovery.",99,"EN661",2021,2,5,"14:33:00",2021-02-05 14:33:00,"2021-02-05 14:33:00+00:00",35.60625,1.65,1.65
"162","2021-02-06 15:36:00+00:00","Bongo Net","deploy","L3","B12",40.8616,-70.8853,NA,128,"EN661",2021,2,6,"15:36:00",2021-02-06 15:36:00,"2021-02-06 15:36:00+00:00",36.65,1.59,1.59
"163","2021-02-06 15:52:00+00:00","Bongo Net","recover","L3","B12",40.8542,-70.8887,NA,130,"EN661",2021,2,6,"15:52:00",2021-02-06 15:52:00,"2021-02-06 15:52:00+00:00",36.6611111,1.51,1.51
"164","2021-02-07 00:59:00+00:00","Bongo Net","deploy","MVCO","B14",41.3157,-70.5789,NA,139,"EN661",2021,2,7,"00:59:00",2021-02-07 00:59:00,"2021-02-07 00:59:00+00:00",37.0409722,1.72,1.72
"165","2021-02-07 01:04:00+00:00","Bongo Net","recover","MVCO","B14",41.3135,-70.579,NA,140,"EN661",2021,2,7,"01:04:00",2021-02-07 01:04:00,"2021-02-07 01:04:00+00:00",37.0444444,1.9,1.9
"166","2021-07-16 18:47:00+00:00","Bongo Net","deploy","L1","B1",41.1898,-70.8795,NA,13,"EN668",2021,7,16,"18:47:00",2021-07-16 18:47:00,"2021-07-16 18:47:00+00:00",196.7826389,1.83,1.83
"167","2021-07-16 18:51:00+00:00","Bongo Net","recover","L1","B1",41.188,-70.8788,NA,14,"EN668",2021,7,16,"18:51:00",2021-07-16 18:51:00,"2021-07-16 18:51:00+00:00",196.7854167,1.3,1.3
"168","2021-07-17 05:02:00+00:00","Bongo Net","deploy","L2","B2",41.0284,-70.8797,NA,26,"EN668",2021,7,17,"05:02:00",2021-07-17 05:02:00,"2021-07-17 05:02:00+00:00",197.2097222,1.81,1.81
"169","2021-07-17 05:21:00+00:00","Bongo Net","recover","L2","B2",41.0208,-70.8799,NA,27,"EN668",2021,7,17,"05:21:00",2021-07-17 05:21:00,"2021-07-17 05:21:00+00:00",197.2229167,1.57,1.57
"170","2021-07-17 13:47:00+00:00","Bongo Net","deploy","L4","B5",40.6909,-70.8762,"start time approximate",39,"EN668",2021,7,17,"13:47:00",2021-07-17 13:47:00,"2021-07-17 13:47:00+00:00",197.5743056,1.8,1.8
"171","2021-07-17 14:12:00+00:00","Bongo Net","recover","L4","B5",40.6773,-70.8705,NA,41,"EN668",2021,7,17,"14:12:00",2021-07-17 14:12:00,"2021-07-17 14:12:00+00:00",197.5916667,1.46,1.46
"172","2021-07-17 22:27:00+00:00","Bongo Net","deploy","L5","B7",40.5145,-70.876,NA,57,"EN668",2021,7,17,"22:27:00",2021-07-17 22:27:00,"2021-07-17 22:27:00+00:00",197.9354167,1.73,1.73
"173","2021-07-17 22:44:00+00:00","Bongo Net","recover","L5","B7",40.5061,-70.8706,NA,58,"EN668",2021,7,17,"22:44:00",2021-07-17 22:44:00,"2021-07-17 22:44:00+00:00",197.9472222,1.95,1.95
"174","2021-07-18 08:24:00+00:00","Bongo Net","deploy","L10","B8",39.909,-70.8957,NA,65,"EN668",2021,7,18,"08:24:00",2021-07-18 08:24:00,"2021-07-18 08:24:00+00:00",198.35,2.72,2.72
"175","2021-07-18 09:01:30+00:00","Bongo Net","recover","L10","B8",39.8887,-70.8887,NA,66,"EN668",2021,7,18,"09:01:30",2021-07-18 09:01:30,"2021-07-18 09:01:00+00:00",198.3756944,1.7,1.7
"176","2021-07-18 17:18:39+00:00","Bongo Net","deploy","L11","B11",39.762,-70.8786,NA,80,"EN668",2021,7,18,"17:18:39",2021-07-18 17:18:39,"2021-07-18 17:18:00+00:00",198.7208333,1.52,1.52
"177","2021-07-18 17:45:42+00:00","Bongo Net","recover","L11","B11",39.751,-70.8795,NA,82,"EN668",2021,7,18,"17:45:42",2021-07-18 17:45:42,"2021-07-18 17:45:00+00:00",198.7395833,1.76,1.76
"178","2021-07-19 14:38:00+00:00","Bongo Net","deploy","L9","B14",40.0957,-70.8737,NA,113,"EN668",2021,7,19,"14:38:00",2021-07-19 14:38:00,"2021-07-19 14:38:00+00:00",199.6097222,1.27,1.27
"179","2021-07-19 14:56:00+00:00","Bongo Net","recover","L9","B14",40.0886,-70.8721,NA,114,"EN668",2021,7,19,"14:56:00",2021-07-19 14:56:00,"2021-07-19 14:56:00+00:00",199.6222222,1.92,1.92
"180","2021-07-19 15:57:00+00:00","Bongo Net","deploy","L8","B15",40.1348,-70.7717,"at surface until 1602 due to software issue",115,"EN668",2021,7,19,"15:57:00",2021-07-19 15:57:00,"2021-07-19 15:57:00+00:00",199.6645833,2.34,2.34
"181","2021-07-19 16:25:00+00:00","Bongo Net","recover","L8","B15",40.1254,-70.761,NA,116,"EN668",2021,7,19,"16:25:00",2021-07-19 16:25:00,"2021-07-19 16:25:00+00:00",199.6840278,1.39,1.39
"182","2021-07-20 07:12:00+00:00","Bongo Net","deploy","L7","B17",40.2074,-70.9354,NA,140,"EN668",2021,7,20,"07:12:00",2021-07-20 07:12:00,"2021-07-20 07:12:00+00:00",200.3,1.66,1.66
"183","2021-07-20 07:32:00+00:00","Bongo Net","recover","L7","B17",40.2047,-70.9485,NA,141,"EN668",2021,7,20,"07:32:00",2021-07-20 07:32:00,"2021-07-20 07:32:00+00:00",200.3138889,2.02,2.02
"184","2021-07-20 10:07:00+00:00","Bongo Net","deploy","L6","B18",40.377,-70.8942,NA,143,"EN668",2021,7,20,"10:07:00",2021-07-20 10:07:00,"2021-07-20 10:07:00+00:00",200.4215278,1.82,1.82
"185","2021-07-20 10:29:00+00:00","Bongo Net","recover","L6","B18",40.3901,-70.889,NA,144,"EN668",2021,7,20,"10:29:00",2021-07-20 10:29:00,"2021-07-20 10:29:00+00:00",200.4368056,1.92,1.92
"186","2021-07-21 03:20:00+00:00","Bongo Net","deploy","L3","B21",40.8571,-70.8802,NA,172,"EN668",2021,7,21,"03:20:00",2021-07-21 03:20:00,"2021-07-21 03:20:00+00:00",201.1388889,1.63,1.63
"187","2021-07-21 03:32:00+00:00","Bongo Net","recover","L3","B21",40.8558,-70.8722,NA,173,"EN668",2021,7,21,"03:32:00",2021-07-21 03:32:00,"2021-07-21 03:32:00+00:00",201.1472222,0.92,0.92
"188","2021-07-21 11:30:00+00:00","Bongo Net","deploy","MVCO","B25",41.3132,-70.5751,NA,201,"EN668",2021,7,21,"11:30:00",2021-07-21 11:30:00,"2021-07-21 11:30:00+00:00",201.4791667,2.1,2.1
"189","2021-07-21 11:36:00+00:00","Bongo Net","recover","MVCO","B25",41.3098,-70.5744,NA,202,"EN668",2021,7,21,"11:36:00",2021-07-21 11:36:00,"2021-07-21 11:36:00+00:00",201.4833333,1.98,1.98
"190","2022-02-16 19:21:00+00:00","Bongo Net","deploy","L1","B1",41.195,-70.883,NA,13,"AT46",2022,2,16,"19:21:00",2022-02-16 19:21:00,"2022-02-16 19:21:17.711000+00:00",NA,2.22,2.28
"191","2022-02-16 19:25:00+00:00","Bongo Net","recover","L1","B1",41.192,-70.882,NA,14,"AT46",2022,2,16,"19:25:00",2022-02-16 19:25:00,"2022-02-16 19:25:17.711000+00:00",NA,1.43,1.88
"192","2022-02-16 19:30:00+00:00","Bongo Net","other","L1","B1",41.19,-70.881,"PlanktonScope (from 20um plankton net)",22,"AT46",2022,2,16,"19:30:00",2022-02-16 19:30:00,"2022-02-16 19:30:17.712000+00:00",NA,6.27,6.61
"193","2022-02-17 03:12:00+00:00","Bongo Net","deploy","L4","B2",40.697,-70.879,"Hit the bottom",23,"AT46",2022,2,17,"03:12:00",2022-02-17 03:12:00,"2022-02-17 03:12:17.742000+00:00",NA,0.69,1.28
"194","2022-02-17 03:24:00+00:00","Bongo Net","recover","L4","B2",40.694,-70.876,NA,24,"AT46",2022,2,17,"03:24:00",2022-02-17 03:24:00,"2022-02-17 03:24:17.743000+00:00",NA,1.46,1.44
"195","2022-02-17 06:10:00+00:00","Bongo Net","deploy","L5","B3",40.512,-70.879,NA,25,"AT46",2022,2,17,"06:10:00",2022-02-17 06:10:00,"2022-02-17 06:10:17.753000+00:00",NA,1.3,1.8
"196","2022-02-17 06:23:00+00:00","Bongo Net","recover","L5","B3",40.507,-70.875,NA,26,"AT46",2022,2,17,"06:23:00",2022-02-17 06:23:00,"2022-02-17 06:23:17.754000+00:00",NA,1.57,2.09
"197","2022-02-17 13:54:00+00:00","Bongo Net","deploy","L6","B6",40.358,-70.88,"samples labeled as B4",30,"AT46",2022,2,17,"13:54:00",2022-02-17 13:54:00,"2022-02-17 13:54:17.782000+00:00",NA,1.59,1.99
"198","2022-02-17 14:15:00+00:00","Bongo Net","recover","L6","B6",40.354,-70.88,"samples labeled as B4; elog submitted after bongo secure",32,"AT46",2022,2,17,"14:15:00",2022-02-17 14:15:00,"2022-02-17 14:15:17.784000+00:00",NA,3.01,2.27
"199","2022-02-17 16:30:00+00:00","Bongo Net","other","L4","B6",40.237,-70.882,"PlanktonScope (from 20um plankton net)",65,"AT46",2022,2,17,"16:30:00",2022-02-17 16:30:00,"2022-02-17 16:30:17.792000+00:00",NA,NA,5.21
"200","2022-02-17 22:43:00+00:00","Bongo Net","deploy","L11","B7",39.771,-70.877,NA,52,"AT46",2022,2,17,"22:43:00",2022-02-17 22:43:00,"2022-02-17 22:43:17.816000+00:00",NA,NA,1.48
"201","2022-02-17 23:14:00+00:00","Bongo Net","recover","L11","B7",39.764,-70.861,NA,54,"AT46",2022,2,17,"23:14:00",2022-02-17 23:14:00,"2022-02-17 23:14:17.817000+00:00",NA,NA,2.03
"202","2022-02-19 00:45:00+00:00","Bongo Net","deploy","L9","B12",40.09,-70.895,NA,91,"AT46",2022,2,19,"00:45:00",2022-02-19 00:45:00,"2022-02-19 00:45:17.914000+00:00",NA,1.05,2.68
"203","2022-02-19 01:06:00+00:00","Bongo Net","recover","L9","B12",40.09,-70.911,NA,92,"AT46",2022,2,19,"01:06:00",2022-02-19 01:06:00,"2022-02-19 01:06:17.915000+00:00",NA,1.21,1.56
"204","2022-02-19 02:16:00+00:00","Bongo Net","deploy","L8","B13",40.137,-70.782,"Forgot TDR; depth estimated with wire angle",120,"AT46",2022,2,19,"02:16:00",2022-02-19 02:16:00,"2022-02-19 02:16:17.919000+00:00",NA,1.53,3.91
"205","2022-02-19 02:34:00+00:00","Bongo Net","recover","L8","B13",40.137,-70.794,NA,121,"AT46",2022,2,19,"02:34:00",2022-02-19 02:34:00,"2022-02-19 02:34:17.920000+00:00",NA,1.87,2.38
"206","2022-02-19 06:36:00+00:00","Bongo Net","deploy","L7","B14",40.224,-70.892,NA,128,"AT46",2022,2,19,"06:36:00",2022-02-19 06:36:00,"2022-02-19 06:36:17.935000+00:00",NA,1.34,1.01
"207","2022-02-19 06:54:00+00:00","Bongo Net","recover","L7","B14",40.225,-70.906,"150 net ripped off and 20 net cod end ripped off at surface. 335 sample OK. Recovery time approximate",129,"AT46",2022,2,19,"06:54:00",2022-02-19 06:54:00,"2022-02-19 06:54:17.937000+00:00",NA,2.63,2.09
"208","2022-02-21 00:27:00+00:00","Bongo Net","deploy","L2","B21",41.026,-70.88,"Tied ends of 150um and 20um; cod end on 335um ",241,"AT46",2022,2,21,"00:27:00",2022-02-21 00:27:00,"2022-02-21 00:27:18.095000+00:00",NA,1.84,1.66
"209","2022-02-21 00:33:00+00:00","Bongo Net","recover","L2","B21",41.024,-70.881,NA,242,"AT46",2022,2,21,"00:33:00",2022-02-21 00:33:00,"2022-02-21 00:33:18.095000+00:00",NA,2.24,2.09
"210","2022-02-21 02:09:00+00:00","Bongo Net","deploy","L3","B22",40.864,-70.883,NA,244,"AT46",2022,2,21,"02:09:00",2022-02-21 02:09:00,"2022-02-21 02:09:18.101000+00:00",NA,1.02,0.87
"211","2022-02-21 02:19:00+00:00","Bongo Net","recover","L3","B22",40.861,-70.883,NA,245,"AT46",2022,2,21,"02:19:00",2022-02-21 02:19:00,"2022-02-21 02:19:18.102000+00:00",NA,0.31,0.4
"212","2022-02-21 12:00:00+00:00","Bongo Net","deploy","MVCO","B23",41.324,-70.564,NA,260,"AT46",2022,2,21,"12:00:00",2022-02-21 12:00:00,"2022-02-21 12:00:18.138000+00:00",NA,1.74,1.31
"213","2022-02-21 12:04:00+00:00","Bongo Net","recover","MVCO","B23",41.323,-70.565,NA,263,"AT46",2022,2,21,"12:04:00",2022-02-21 12:04:00,"2022-02-21 12:04:18.138000+00:00",NA,2.02,1.35
"214","2022-07-29 19:51:25+00:00","Bongo Net","deploy","L1","B1",41.1835,-70.8713,"1st Bongo. After CTD EN687_001.",19,"EN687",2022,7,29,"19:51:25",2022-07-29 19:51:25,"2022-07-29 19:51:00+00:00",209.8270833,1.26,1.26
"215","2022-07-29 19:58:47+00:00","Bongo Net","recover","L1","B1",41.1804,-70.8717,"1st Bongo. After CTD EN687_001.",20,"EN687",2022,7,29,"19:58:47",2022-07-29 19:58:47,"2022-07-29 19:58:00+00:00",209.8319444,1.56,1.56
"216","2022-07-30 03:50:30+00:00","Bongo Net","deploy","L2","B2",41.0291,-70.8842,"2nd Bongo. After CTD EN687_002.",38,"EN687",2022,7,30,"03:50:30",2022-07-30 03:50:30,"2022-07-30 03:50:00+00:00",210.1597222,0.79,0.79
"217","2022-07-30 04:08:00+00:00","Bongo Net","recover","L2","B2",41.0211,-70.8843,"2nd Bongo. After CTD EN687_002.",39,"EN687",2022,7,30,"04:08:00",2022-07-30 04:08:00,"2022-07-30 04:08:00+00:00",210.1722222,1.99,1.99
"218","2022-07-30 12:15:54+00:00","Bongo Net","deploy","L4","B5",40.7065,-70.8874,"3rd Bongo. After CTD EN687_005.",43,"EN687",2022,7,30,"12:15:54",2022-07-30 12:15:54,"2022-07-30 12:15:00+00:00",210.5104167,1.81,1.81
"219","2022-07-30 12:29:00+00:00","Bongo Net","recover","L4","B5",40.7107,-70.8857,"3rd Bongo. After CTD EN687_005.",204,"EN687",2022,7,30,"12:29:00",2022-07-30 12:29:00,"2022-07-30 12:29:00+00:00",210.5201389,1.58,1.58
"220","2022-07-30 14:38:00+00:00","Bongo Net","deploy","L5","B6",40.5201,-70.9002,"4th Bongo. After CTD EN687_006.",49,"EN687",2022,7,30,"14:38:00",2022-07-30 14:38:00,"2022-07-30 14:38:00+00:00",210.6097222,2.16,2.16
"221","2022-07-30 14:53:00+00:00","Bongo Net","recover","L5","B6",40.5257,-70.9064,"4th Bongo. After CTD EN687_006.",205,"EN687",2022,7,30,"14:53:00",2022-07-30 14:53:00,"2022-07-30 14:53:00+00:00",210.6201389,1.62,1.62
"222","2022-07-31 07:25:29+00:00","Bongo Net","deploy","L10","B7",39.9204,-70.9136,"5th Bongo. After CTD EN687_007.",86,"EN687",2022,7,31,"07:25:29",2022-07-31 07:25:29,"2022-07-31 07:25:00+00:00",211.3090278,1.58,1.58
"223","2022-07-31 07:55:01+00:00","Bongo Net","recover","L10","B7",39.9264,-70.9346,"5th Bongo. After CTD EN687_007.",102,"EN687",2022,7,31,"07:55:01",2022-07-31 07:55:01,"2022-07-31 07:55:00+00:00",211.3298611,1.46,1.46
"224","2022-07-31 16:53:19+00:00","Bongo Net","deploy","L11","B10",39.7841,-70.8922,"6th Bongo. After CTD EN687_010.",103,"EN687",2022,7,31,"16:53:19",2022-07-31 16:53:19,"2022-07-31 16:53:00+00:00",211.7034722,1.86,1.86
"225","2022-07-31 17:25:00+00:00","Bongo Net","recover","L11","B10",39.7742,-70.8837,"6th Bongo. After CTD EN687_010.",110,"EN687",2022,7,31,"17:25:00",2022-07-31 17:25:00,"2022-07-31 17:25:00+00:00",211.7256944,1.19,1.19
"226","2022-08-01 08:26:47+00:00","Bongo Net","deploy","L9","B13",40.0925,-70.8756,"7th Bongo. After CTD EN687_013.",139,"EN687",2022,8,1,"08:26:47",2022-08-01 08:26:47,"2022-08-01 08:26:00+00:00",212.3513889,1.93,1.93
"227","2022-08-01 08:41:09+00:00","Bongo Net","recover","L9","B13",40.0908,-70.8656,"7th Bongo. After CTD EN687_013.",142,"EN687",2022,8,1,"08:41:09",2022-08-01 08:41:09,"2022-08-01 08:41:00+00:00",212.3618056,1.7,1.7
"228","2022-08-01 13:59:37+00:00","Bongo Net","deploy","L8","B16",40.1471,-70.7748,"8th Bongo. After CTD EN687_016.",150,"EN687",2022,8,1,"13:59:37",2022-08-01 13:59:37,"2022-08-01 13:59:00+00:00",212.5826389,1.8,1.8
"229","2022-08-01 14:14:45+00:00","Bongo Net","recover","L8","B16",40.1522,-70.7769,"8th Bongo. After CTD EN687_016. Hit bottom. Processed as usual.",155,"EN687",2022,8,1,"14:14:45",2022-08-01 14:14:45,"2022-08-01 14:14:00+00:00",212.5930556,1.6,1.6
"230","2022-08-02 03:59:31+00:00","Bongo Net","deploy","L6","B18",40.3563,-70.8747,"9th Bongo. After CTD EN687_018.",162,"EN687",2022,8,2,"03:59:31",2022-08-02 03:59:31,"2022-08-02 03:59:00+00:00",213.1659722,1.49,1.49
"231","2022-08-02 04:13:29+00:00","Bongo Net","recover","L6","B18",40.3499,-70.8772,"9th Bongo. After CTD EN687_018.",163,"EN687",2022,8,2,"04:13:29",2022-08-02 04:13:29,"2022-08-02 04:13:00+00:00",213.1756944,1.55,1.55
"232","2022-08-02 11:35:47+00:00","Bongo Net","deploy","L7","B21",40.2274,-70.8696,"10th Bongo. After CTD EN687_021.",172,"EN687",2022,8,2,"11:35:47",2022-08-02 11:35:47,"2022-08-02 11:35:00+00:00",213.4826389,1.62,1.62
"233","2022-08-02 11:49:18+00:00","Bongo Net","recover","L7","B21",40.2268,-70.8626,"10th Bongo. After CTD EN687_021.",176,"EN687",2022,8,2,"11:49:18",2022-08-02 11:49:18,"2022-08-02 11:49:00+00:00",213.4923611,1.66,1.66
"234","2022-08-02 21:42:11+00:00","Bongo Net","deploy","L3","B22",40.858,-70.8712,"11th Bongo. After CTD EN687_022.",197,"EN687",2022,8,2,"21:42:11",2022-08-02 21:42:11,"2022-08-02 21:42:00+00:00",213.9041667,1.56,1.56
"235","2022-08-02 21:48:29+00:00","Bongo Net","recover","L3","B22",40.8552,-70.8697,"11th Bongo. After CTD EN687_022.",200,"EN687",2022,8,2,"21:48:29",2022-08-02 21:48:29,"2022-08-02 21:48:00+00:00",213.9083333,1.56,1.56
"236","2022-08-03 08:16:33+00:00","Bongo Net","deploy","MVCO","B26",41.3169,-70.5769,"12th Bongo. After CTD EN687_026.",240,"EN687",2022,8,3,"08:16:33",2022-08-03 08:16:33,"2022-08-03 08:16:00+00:00",214.3444444,1.87,1.87
"237","2022-08-03 08:19:33+00:00","Bongo Net","recover","MVCO","B26",41.3158,-70.5784,"12th Bongo. After CTD EN687_026.",241,"EN687",2022,8,3,"08:19:33",2022-08-03 08:19:33,"2022-08-03 08:19:00+00:00",214.3465278,1.95,1.95
"238","2023-01-11 20:35:44+00:00","Bongo Net","deploy","L1","B1",41.1951,-70.8842,NA,19,"EN695",2023,1,11,"20:35:44",2023-01-11 20:35:44,"2023-01-11 20:35:00+00:00",10.8576389,1.49,1.49
"239","2023-01-11 20:42:27+00:00","Bongo Net","recover","L1","B1",41.1921,-70.884,NA,158,"EN695",2023,1,11,"20:42:27",2023-01-11 20:42:27,"2023-01-11 20:42:00+00:00",10.8625,1.98,1.98
"240","2023-01-12 04:04:56+00:00","Bongo Net","deploy","L6","B2",40.3721,-70.888,NA,28,"EN695",2023,1,12,"04:04:56",2023-01-12 04:04:56,"2023-01-12 04:04:00+00:00",11.1694444,1.66,1.66
"241","2023-01-12 04:35:00+00:00","Bongo Net","recover","L6","B2",40.3633,-70.8835,NA,159,"EN695",2023,1,12,"04:35:00",2023-01-12 04:22:00,"2023-01-12 04:22:00+00:00",11.1819444,1.22,1.22
"242","2023-01-12 07:33:54+00:00","Bongo Net","deploy","L9","B3",40.0505,-70.879,NA,36,"EN695",2023,1,12,"07:33:54",2023-01-12 07:33:54,"2023-01-12 07:33:00+00:00",11.3145833,1.59,1.59
"243","2023-01-12 07:46:12+00:00","Bongo Net","recover","L9","B3",40.0459,-70.8802,NA,160,"EN695",2023,1,12,"07:46:12",2023-01-12 07:46:12,"2023-01-12 07:46:00+00:00",11.3236111,1.55,1.55
"244","2023-01-12 10:20:16+00:00","Bongo Net","deploy","L10","B4",39.944,-70.8826,NA,40,"EN695",2023,1,12,"10:20:16",2023-01-12 10:20:16,"2023-01-12 10:20:00+00:00",11.4305556,1.56,1.56
"245","2023-01-12 10:35:30+00:00","Bongo Net","recover","L10","B4",39.9504,-70.8851,NA,161,"EN695",2023,1,12,"10:35:30",2023-01-12 10:35:30,"2023-01-12 10:35:00+00:00",11.4409722,1.53,1.53
"246","2023-01-12 13:12:01+00:00","Bongo Net","deploy","L11","B5",39.7849,-70.8826,NA,44,"EN695",2023,1,12,"13:12:01",2023-01-12 13:12:01,"2023-01-12 13:12:00+00:00",11.55,1.19,1.19
"247","2023-01-12 13:16:06+00:00","Bongo Net","recover","L11","B5",39.785,-70.8813,NA,162,"EN695",2023,1,12,"13:16:06",2023-01-12 13:16:06,"2023-01-12 13:16:00+00:00",11.5527778,1.5,1.5
"248","2023-01-12 20:59:57+00:00","Bongo Net","deploy","L8","B6",40.1513,-70.8692,NA,56,"EN695",2023,1,12,"20:59:57",2023-01-12 20:59:57,"2023-01-12 20:59:00+00:00",11.8743056,1.6,1.6
"249","2023-01-12 21:14:58+00:00","Bongo Net","recover","L8","B6",40.1493,-70.8603,NA,163,"EN695",2023,1,12,"21:14:58",2023-01-12 21:14:58,"2023-01-12 21:14:00+00:00",11.8847222,1.76,1.76
"250","2023-01-12 23:19:52+00:00","Bongo Net","deploy","L7","B7",40.2592,-70.8735,NA,60,"EN695",2023,1,12,"23:19:52",2023-01-12 23:19:52,"2023-01-12 23:19:00+00:00",11.9715278,1.04,1.04
"251","2023-01-12 23:27:47+00:00","Bongo Net","recover","L7","B7",40.2585,-70.8701,NA,164,"EN695",2023,1,12,"23:27:47",2023-01-12 23:27:47,"2023-01-12 23:27:00+00:00",11.9770833,1.22,1.22
"252","2023-01-13 02:22:47+00:00","Bongo Net","deploy","L5","B8",40.5128,-70.8842,NA,65,"EN695",2023,1,13,"02:22:47",2023-01-13 02:22:47,"2023-01-13 02:22:00+00:00",12.0986111,1.15,1.15
"253","2023-01-13 02:31:31+00:00","Bongo Net","recover","L5","B8",40.5121,-70.8816,NA,165,"EN695",2023,1,13,"02:31:31",2023-01-13 02:31:31,"2023-01-13 02:31:00+00:00",12.1048611,1.56,1.56
"254","2023-01-13 04:44:21+00:00","Bongo Net","deploy","L4","B9",40.6956,-70.8801,NA,67,"EN695",2023,1,13,"04:44:21",2023-01-13 04:44:21,"2023-01-13 04:44:00+00:00",12.1972222,1.94,1.94
"255","2023-01-13 04:49:13+00:00","Bongo Net","recover","L4","B9",40.6942,-70.8782,"TDR not started before deployment",166,"EN695",2023,1,13,"04:49:13",2023-01-13 04:49:13,"2023-01-13 04:49:00+00:00",12.2006944,1.9,1.9
"256","2023-01-13 07:25:00+00:00","Bongo Net","deploy","L3","B10",40.8611,-70.8788,NA,76,"EN695",2023,1,13,"07:25:00",2023-01-13 07:25:00,"2023-01-13 07:25:00+00:00",12.3090278,1.25,1.25
"257","2023-01-13 07:29:44+00:00","Bongo Net","recover","L3","B10",40.8597,-70.8779,NA,167,"EN695",2023,1,13,"07:29:44",2023-01-13 07:29:44,"2023-01-13 07:29:00+00:00",12.3118056,1.11,1.11
"258","2023-01-13 10:46:29+00:00","Bongo Net","deploy","L2","B11",41.0144,-70.8823,NA,92,"EN695",2023,1,13,"10:46:29",2023-01-13 10:46:29,"2023-01-13 10:46:00+00:00",12.4486111,1.27,1.27
"259","2023-01-13 10:51:10+00:00","Bongo Net","recover","L2","B11",41.013,-70.8838,NA,168,"EN695",2023,1,13,"10:51:10",2023-01-13 10:51:10,"2023-01-13 10:51:00+00:00",12.4520833,1.63,1.63
"260","2023-01-14 21:08:06+00:00","Bongo Net","deploy","MVCO","B16",41.3056,-70.5833,NA,121,"EN695",2023,1,14,"21:08:06",2023-01-14 21:08:06,"2023-01-14 21:08:00+00:00",13.8805556,1.63,1.63
"261","2023-01-14 21:12:17+00:00","Bongo Net","recover","MVCO","B16",41.3055,-70.5856,NA,169,"EN695",2023,1,14,"21:12:17",2023-01-14 21:12:17,"2023-01-14 21:12:00+00:00",13.8833333,0.95,0.95
"262","2023-04-29 11:57:00+00:00","Bongo Net","deploy","MVCO","B1",41.320367,-70.579095,NA,6,"HRS2303",2023,4,29,"11:57:00",2023-04-29 11:57:00,"2023-04-29 11:57:00+00:00",NA,NA,1.8
"263","2023-04-29 12:01:00+00:00","Bongo Net","recover","MVCO","B1",41.31909,-70.577403,NA,7,"HRS2303",2023,4,29,"12:01:00",2023-04-29 12:01:00,"2023-04-29 12:01:00+00:00",NA,NA,1.8
"264","2023-05-02 20:23:00+00:00","Bongo Net","deploy","L1","B2",41.199542,-70.883868,NA,47,"HRS2303",2023,5,2,"20:23:00",2023-05-02 20:23:00,"2023-05-02 20:23:10+00:00",NA,NA,1.5
"265","2023-05-02 20:29:00+00:00","Bongo Net","recover","L1","B2",41.197212,-70.884832,NA,48,"HRS2303",2023,5,2,"20:29:00",2023-05-02 20:29:00,"2023-05-02 20:29:10+00:00",NA,NA,1.3
"266","2023-05-03 04:50:00+00:00","Bongo Net","deploy","L5","B3",40.514928,-70.88156,NA,55,"HRS2303",2023,5,3,"04:50:00",2023-05-03 04:50:00,"2023-05-03 04:50:10+00:00",NA,NA,0.3
"267","2023-05-03 05:07:00+00:00","Bongo Net","recover","L5","B3",40.504672,-70.884727,NA,54,"HRS2303",2023,5,3,"05:07:00",2023-05-03 04:58:00,"2023-05-03 04:58:10+00:00",NA,NA,1.9
"268","2023-05-03 09:11:49+00:00","Bongo Net","deploy","L7","B4",40.25838,-70.886968,NA,58,"HRS2303",2023,5,3,"09:11:49",2023-05-03 09:11:49,"2023-05-03 09:11:50+00:00",NA,NA,2
"269","2023-05-03 09:21:00+00:00","Bongo Net","recover","L7","B4",40.255712,-70.891665,NA,59,"HRS2303",2023,5,3,"09:21:00",2023-05-03 09:21:00,"2023-05-03 09:21:50+00:00",NA,NA,2
"270","2023-05-03 11:37:20+00:00","Bongo Net","deploy","L8","B5",40.152095,-70.8803,NA,60,"HRS2303",2023,5,3,"11:37:20",2023-05-03 11:37:20,"2023-05-03 11:37:10+00:00",NA,NA,1.5
"271","2023-05-03 11:52:58+00:00","Bongo Net","recover","L8","B5",40.149103,-70.888502,NA,61,"HRS2303",2023,5,3,"11:52:58",2023-05-03 11:52:58,"2023-05-03 11:52:10+00:00",NA,NA,1.2
"272","2023-05-03 14:05:00+00:00","Bongo Net","deploy","L9","B6",40.047027,-70.881877,NA,63,"HRS2303",2023,5,3,"14:05:00",2023-05-03 14:05:00,"2023-05-03 14:05:10+00:00",NA,NA,1.8
"273","2023-05-03 14:36:00+00:00","Bongo Net","recover","L9","B6",40.034065,-70.895923,NA,64,"HRS2303",2023,5,3,"14:36:00",2023-05-03 14:21:00,"2023-05-03 14:21:10+00:00",NA,NA,1.9
"274","2023-05-03 19:38:14+00:00","Bongo Net","deploy","L10","B7",39.94671,-70.883635,NA,67,"HRS2303",2023,5,3,"19:38:14",2023-05-03 19:35:00,"2023-05-03 19:35:10+00:00",NA,NA,1
"275","2023-05-03 20:04:07+00:00","Bongo Net","recover","L10","B7",39.927017,-70.885992,NA,68,"HRS2303",2023,5,3,"20:04:07",2023-05-03 19:55:00,"2023-05-03 19:55:10+00:00",NA,NA,2
"276","2023-05-04 00:23:59+00:00","Bongo Net","deploy","L11","B8",39.766827,-70.889727,NA,73,"HRS2303",2023,5,4,"00:23:59",2023-05-04 00:23:59,"2023-05-04 00:23:10+00:00",NA,NA,1.4
"277","2023-05-04 00:47:00+00:00","Bongo Net","recover","L11","B8",39.77898,-70.87754,NA,74,"HRS2303",2023,5,4,"00:47:00",2023-05-04 00:41:00,"2023-05-04 00:41:10+00:00",NA,NA,1.9
"278","2023-05-04 14:29:18+00:00","Bongo Net","deploy","L6","B9",40.365737,-70.882988,NA,97,"HRS2303",2023,5,4,"14:29:18",2023-05-04 14:29:18,"2023-05-04 14:29:10+00:00",NA,NA,2.5
"279","2023-05-04 14:40:00+00:00","Bongo Net","recover","L6","B9",40.370293,-70.878892,NA,98,"HRS2303",2023,5,4,"14:40:00",2023-05-04 14:40:00,"2023-05-04 14:40:10+00:00",NA,NA,1.6
"280","2023-05-04 19:16:19+00:00","Bongo Net","deploy","L4","B10",40.694782,-70.888232,NA,101,"HRS2303",2023,5,4,"19:16:19",2023-05-04 19:16:19,"2023-05-04 19:16:10+00:00",NA,NA,2.5
"281","2023-05-04 19:28:37+00:00","Bongo Net","recover","L4","B10",40.694352,-70.89399,NA,102,"HRS2303",2023,5,4,"19:28:37",2023-05-04 19:23:00,"2023-05-04 19:23:10+00:00",NA,NA,1.3
"282","2023-05-04 23:23:36+00:00","Bongo Net","deploy","L3","B11",40.865677,-70.88375,NA,105,"HRS2303",2023,5,4,"23:23:36",2023-05-04 23:23:36,"2023-05-04 23:23:10+00:00",NA,NA,1.6
"283","2023-05-04 23:33:34+00:00","Bongo Net","recover","L3","B11",40.857547,-70.890505,NA,106,"HRS2303",2023,5,4,"23:33:34",2023-05-04 23:33:34,"2023-05-04 23:33:10+00:00",NA,NA,6.9
"284","2023-05-05 02:12:31+00:00","Bongo Net","deploy","L2","B12",41.029818,-70.883513,NA,108,"HRS2303",2023,5,5,"02:12:31",2023-05-05 02:12:31,"2023-05-05 02:12:10+00:00",NA,NA,1.7
"285","2023-05-05 02:17:00+00:00","Bongo Net","recover","L2","B12",41.028042,-70.883852,NA,111,"HRS2303",2023,5,5,"02:17:00",2023-05-05 02:17:00,"2023-05-05 02:17:10+00:00",NA,NA,1.5
"286","2023-08-07 18:07:32+00:00","Bongo Net","deploy","L1","B1",41.1975,-70.8675,"1st bongo deployment",15,"EN706",2023,8,7,"18:07:32",2023-08-07 18:07:32,"2023-08-07 18:07:00+00:00",218.7548611,1.52,1.52
"287","2023-08-07 18:13:05+00:00","Bongo Net","recover","L1","B1",41.1973,-70.8643,NA,16,"EN706",2023,8,7,"18:13:05",2023-08-07 18:13:05,"2023-08-07 18:13:00+00:00",218.7590278,1.56,1.56
"288","2023-08-08 07:06:30+00:00","Bongo Net","deploy","L2","B2",41.0281,-70.8737,"2nd Bongo for the cruise. SBE19 ~1m above Bongo. small ring net ~2m above Bongo.",24,"EN706",2023,8,8,"07:06:30",2023-08-08 07:06:30,"2023-08-08 07:06:00+00:00",219.2958333,1.23,1.23
"289","2023-08-08 07:15:00+00:00","Bongo Net","recover","L2","B2",41.0246,-70.8733,NA,91,"EN706",2023,8,8,"07:15:00",2023-08-08 07:15:00,"2023-08-08 07:15:00+00:00",219.3020833,1.76,1.76
"290","2023-08-08 16:19:50+00:00","Bongo Net","deploy","L4","B5",40.6858,-70.879,"3rd bongo",34,"EN706",2023,8,8,"16:19:50",2023-08-08 16:19:50,"2023-08-08 16:19:00+00:00",219.6798611,2,2
"291","2023-08-08 16:34:41+00:00","Bongo Net","recover","L4","B5",40.6809,-70.8838,NA,35,"EN706",2023,8,8,"16:34:41",2023-08-08 16:34:41,"2023-08-08 16:34:00+00:00",219.6902778,1.87,1.87
"292","2023-08-08 21:21:10+00:00","Bongo Net","deploy","L5","B6",40.502,-70.8836,"4th bongo. had to re-deploy to write down flowmeter values",45,"EN706",2023,8,8,"21:21:10",2023-08-08 21:21:10,"2023-08-08 21:21:00+00:00",219.8895833,1.3,1.3
"293","2023-08-08 21:35:10+00:00","Bongo Net","recover","L5","B6",40.4964,-70.8856,NA,46,"EN706",2023,8,8,"21:35:10",2023-08-08 21:35:10,"2023-08-08 21:35:00+00:00",219.8993056,1.59,1.59
"294","2023-08-09 18:53:18+00:00","Bongo Net","deploy","L11","B9",39.7763,-70.8818,"5th bongo",60,"EN706",2023,8,9,"18:53:18",2023-08-09 18:53:18,"2023-08-09 18:53:00+00:00",220.7868056,1.42,1.42
"295","2023-08-09 19:23:35+00:00","Bongo Net","recover","L11","B9",39.7763,-70.897,NA,77,"EN706",2023,8,9,"19:23:35",2023-08-09 19:23:35,"2023-08-09 19:23:00+00:00",220.8076389,1.29,1.29
"296","2023-08-10 00:55:00+00:00","Bongo Net","deploy","L10","B10",39.9265,-70.8941,"6th bongo",88,"EN706",2023,8,10,"00:55:00",2023-08-10 00:55:00,"2023-08-10 00:55:00+00:00",221.0381944,1.85,1.85
"297","2023-08-10 01:31:00+00:00","Bongo Net","recover","L10","B10",39.9126,-70.9052,NA,89,"EN706",2023,8,10,"01:31:00",2023-08-10 01:31:00,"2023-08-10 01:31:00+00:00",221.0631944,1.84,1.84
"298","2023-08-10 08:24:56+00:00","Bongo Net","deploy","L9","B13",40.0442,-70.8897,"7th Bongo",96,"EN706",2023,8,10,"08:24:56",2023-08-10 08:24:56,"2023-08-10 08:24:00+00:00",221.35,1.42,1.42
"299","2023-08-10 08:49:58+00:00","Bongo Net","recover","L9","B13",40.0392,-70.8995,NA,97,"EN706",2023,8,10,"08:49:58",2023-08-10 08:49:58,"2023-08-10 08:49:00+00:00",221.3673611,1.61,1.61
"300","2023-08-10 22:32:54+00:00","Bongo Net","deploy","L7","B14",40.2561,-70.881,"8th bongo",172,"EN706",2023,8,10,"22:32:54",2023-08-10 22:32:54,"2023-08-10 22:32:00+00:00",221.9388889,1.28,1.28
"301","2023-08-10 22:45:13+00:00","Bongo Net","recover","L7","B14",40.2527,-70.8766,NA,173,"EN706",2023,8,10,"22:45:13",2023-08-10 22:45:13,"2023-08-10 22:45:00+00:00",221.9479167,1.26,1.26
"302","2023-08-11 00:43:04+00:00","Bongo Net","deploy","L8","B15",40.1347,-70.8703,"9th bongo",178,"EN706",2023,8,11,"00:43:04",2023-08-11 00:43:04,"2023-08-11 00:43:00+00:00",222.0298611,0.95,0.95
"303","2023-08-11 01:08:31+00:00","Bongo Net","recover","L8","B15",40.1223,-70.8605,NA,179,"EN706",2023,8,11,"01:08:31",2023-08-11 01:08:31,"2023-08-11 01:08:00+00:00",222.0472222,1.04,1.04
"304","2023-08-11 09:25:34+00:00","Bongo Net","deploy","L6","B19",40.3639,-70.8837,"10th bongo",186,"EN706",2023,8,11,"09:25:34",2023-08-11 09:25:34,"2023-08-11 09:25:00+00:00",222.3923611,1.17,1.17
"305","2023-08-11 09:38:40+00:00","Bongo Net","recover","L6","B19",40.3639,-70.8921,NA,187,"EN706",2023,8,11,"09:38:40",2023-08-11 09:38:40,"2023-08-11 09:38:00+00:00",222.4013889,1.44,1.44
"306","2023-08-11 21:12:03+00:00","Bongo Net","deploy","L3","B20",40.8587,-70.8788,"11th bongo",210,"EN706",2023,8,11,"21:12:03",2023-08-11 21:12:03,"2023-08-11 21:12:00+00:00",222.8833333,2.11,2.11
"307","2023-08-11 21:23:19+00:00","Bongo Net","recover","L3","B20",40.8558,-70.8853,NA,212,"EN706",2023,8,11,"21:23:19",2023-08-11 21:23:19,"2023-08-11 21:23:00+00:00",222.8909722,1.65,1.65
"308","2023-08-12 08:38:20+00:00","Bongo Net","deploy","MVCO","B24",41.311,-70.5805,"12th bongo",259,"EN706",2023,8,12,"08:38:20",2023-08-12 08:38:20,"2023-08-12 08:38:00+00:00",223.3597222,1.42,1.42
"309","2023-08-12 08:43:35+00:00","Bongo Net","recover","MVCO","B24",41.3092,-70.5793,NA,260,"EN706",2023,8,12,"08:43:35",2023-08-12 08:43:35,"2023-08-12 08:43:00+00:00",223.3631944,1.57,1.57
"310","2024-02-09 19:15:27+00:00","Bongo Net","deploy","L1","B1",41.1914,-70.885,NA,25,"EN712",2024,2,9,"19:15:27",2024-02-09 19:15:27,"2024-02-09 19:15:00+00:00",39.8020833,1.61,1.61
"311","2024-02-09 19:21:10+00:00","Bongo Net","recover","L1","B1",41.1897,-70.8832,"1st Bongo. Winch zeroed with weight and bongo below the surface. SV of 1500 m/s = depth 22m. Target depth 17m. TDR showed 15m. Max payout 18m. Wire angle ~35 deg. 20m/min down and 6m/min up ",26,"EN712",2024,2,9,"19:21:10",2024-02-09 19:21:10,"2024-02-09 19:21:00+00:00",39.80625,1.39,1.39
"312","2024-02-10 04:47:02+00:00","Bongo Net","deploy","L5","B2",40.5101,-70.8823,NA,41,"EN712",2024,2,10,"04:47:02",2024-02-10 04:47:02,"2024-02-10 04:47:00+00:00",40.1993056,1.75,1.75
"313","2024-02-10 05:06:52+00:00","Bongo Net","recover","L5","B2",40.5069,-70.8742,"2nd Bongo. Winch zeroed with weight and bongo below the surface. SV of 1500 m/s = depth 78m. Target depth 73m. TDR showed 71.4m. Max payout 89m. Wire angle ~35 deg. 30m/min down and 6m/min up",42,"EN712",2024,2,10,"05:06:52",2024-02-10 05:06:52,"2024-02-10 05:06:00+00:00",40.2125,1.33,1.33
"314","2024-02-10 10:17:29+00:00","Bongo Net","deploy","L6","B5",40.3632,-70.8797,NA,48,"EN712",2024,2,10,"10:17:29",2024-02-10 10:17:29,"2024-02-10 10:17:00+00:00",40.4284722,1.41,1.41
"315","2024-02-10 10:22:42+00:00","Bongo Net","other","L6","B5",40.3621,-70.8786,"Max payout of 109m wire out. Net collected bottom sediment. Logger showed 95m max depth.",52,"EN712",2024,2,10,"10:22:42",2024-02-10 10:22:42,"2024-02-10 10:22:00+00:00",40.4319444,1.31,1.31
"316","2024-02-10 10:30:00+00:00","Bongo Net","recover","L6","B5",40.3605,-70.8775,"3rd Bongo tow. Winch zeroed with weight and bongo below the surface. SV of 1500 m/s = depth 95m. Target depth 90m. TDR showed 90m. Max payout 109m. Wire angle ~35 deg. 20m/min down and 18m/min up.  Net collected bottom sediment. Sample not processed",49,"EN712",2024,2,10,"10:30:00",2024-02-10 10:30:00,"2024-02-10 10:30:00+00:00",40.4375,1.41,1.41
"317","2024-02-10 12:30:24+00:00","Bongo Net","deploy","L7","B6",40.2531,-70.88,NA,53,"EN712",2024,2,10,"12:30:24",2024-02-10 12:30:24,"2024-02-10 12:30:00+00:00",40.5208333,1.44,1.44
"318","2024-02-10 12:44:05+00:00","Bongo Net","recover","L7","B6",40.2482,-70.8775,"4th Bongo. Winch zeroed with weight and bongo at the surface. SV of 1500 m/s = depth 123m. Target depth 118m. TDR showed 100m. Max payout 131m. Wire angle ~30 deg. 20m/min down and 20m/min up",71,"EN712",2024,2,10,"12:44:05",2024-02-10 12:44:05,"2024-02-10 12:44:00+00:00",40.5305556,1.38,1.38
"319","2024-02-11 04:35:00+00:00","Bongo Net","deploy","L10","B7",39.9298,-70.8899,NA,84,"EN712",2024,2,11,"04:35:00",2024-02-11 04:35:00,"2024-02-11 04:35:00+00:00",41.1909722,0.66,0.66
"320","2024-02-11 05:00:00+00:00","Bongo Net","recover","L10","B7",39.9217,-70.8998,"5th Bongo. Winch zeroed with weight and bongo at the surface. SV of 1500 m/s = depth 463m. Target depth 200m. TDR showed 183.5m. Max payout 244m. Wire angle ~35 deg. 30-24-30m/min down and 18m/min up",85,"EN712",2024,2,11,"05:00:00",2024-02-11 05:00:00,"2024-02-11 05:00:00+00:00",41.2083333,1.42,1.42
"321","2024-02-11 11:09:12+00:00","Bongo Net","deploy","L11","B10",39.7509,-70.909,NA,93,"EN712",2024,2,11,"11:09:12",2024-02-11 11:09:12,"2024-02-11 11:09:00+00:00",41.4645833,1.64,1.64
"322","2024-02-11 11:42:48+00:00","Bongo Net","recover","L11","B10",39.7377,-70.9332,"6th Bongo. Winch zeroed with weight and bongo at surface. L11 CTD avg SV of 1494 m/s = depth 1728m. SV of 1500 m/s = depth 1736m. Target depth 200m. TDR showed 195m. Target payout 311m. Wire angle at max payout ~50-55 deg. 20m/min down and up",98,"EN712",2024,2,11,"11:42:48",2024-02-11 11:42:48,"2024-02-11 11:42:00+00:00",41.4875,1.56,1.56
"323","2024-02-11 22:43:58+00:00","Bongo Net","deploy","L9","B11",40.042,-70.9026,NA,125,"EN712",2024,2,11,"22:43:58",2024-02-11 22:43:58,"2024-02-11 22:43:00+00:00",41.9465278,1.88,1.88
"324","2024-02-11 23:03:03+00:00","Bongo Net","recover","L9","B11",40.0452,-70.9122,"7th Bongo. Winch zeroed with weight and bongo at surface. L9 CTD avg SV of #### m/s = depth ###m. SV of 1500 m/s = depth 213m. Target depth 200m. TDR showed 207m. Max payout 261m. Wire angle 40 deg at max payout. 30m/min down and 20m/min up",126,"EN712",2024,2,11,"23:03:03",2024-02-11 23:03:03,"2024-02-11 23:03:00+00:00",41.9604167,1.41,1.41
"325","2024-02-12 02:32:55+00:00","Bongo Net","deploy","L8","B12",40.1604,-70.9072,NA,130,"EN712",2024,2,12,"02:32:55",2024-02-12 02:32:55,"2024-02-12 02:32:00+00:00",42.1055556,1.38,1.38
"326","2024-02-12 02:45:11+00:00","Bongo Net","recover","L8","B12",40.1629,-70.9151,"8th Bongo. Winch zeroed with weight and bongo at surface. L8 CTD avg SV of #### m/s = depth ###m. SV of 1500 m/s = depth 140m. Target depth 135m. TDR did not record. Max payout 149m. Wire angle 25 deg at max payout. 30m/min down and 20m/min up",131,"EN712",2024,2,12,"02:45:11",2024-02-12 02:45:11,"2024-02-12 02:45:00+00:00",42.1145833,1.05,1.05
"327","2024-02-12 09:21:05+00:00","Bongo Net","deploy","L4","B15",40.6946,-70.8936,NA,139,"EN712",2024,2,12,"09:21:05",2024-02-12 09:21:05,"2024-02-12 09:21:00+00:00",42.3895833,1.41,1.41
"328","2024-02-12 09:29:22+00:00","Bongo Net","recover","L4","B15",40.6934,-70.8985,"9th Bongo. Winch zeroed with weight and bongo at surface. L4 CTD avg SV  of #### m/s = depth ###m. SV of 1500 m/s = depth 64m. Target depth 58m. TDR showed 52m. Max payout 67m. Wire angle 30 deg at max payout. ##m/min down and ##m/min up",140,"EN712",2024,2,12,"09:29:22",2024-02-12 09:29:22,"2024-02-12 09:29:00+00:00",42.3951389,1.31,1.31
"329","2024-02-13 03:15:34+00:00","Bongo Net","deploy","L3","B16",40.8644,-70.8915,NA,195,"EN712",2024,2,13,"03:15:34",2024-02-13 03:15:34,"2024-02-13 03:15:00+00:00",43.1354167,1.55,1.55
"330","2024-02-13 03:22:00+00:00","Bongo Net","recover","L3","B16",40.8638,-70.895,"10th Bongo. Winch zeroed with weight and bongo at surface. L3 CTD avg SV of #### m/s = depth ###m. SV of 1500 m/s = depth 55m. Target depth 50m. TDR did not record. Max payout 67m. Wire angle 35 deg at max payout. 30m/min down and 17m/min up",196,"EN712",2024,2,13,"03:22:00",2024-02-13 03:22:00,"2024-02-13 03:22:00+00:00",43.1402778,1.94,1.94
"331","2024-02-13 05:11:00+00:00","Bongo Net","deploy","L2","B17",41.0265,-70.8869,NA,203,"EN712",2024,2,13,"05:11:00",2024-02-13 05:11:00,"2024-02-13 05:11:00+00:00",43.2159722,1.76,1.76
"332","2024-02-13 05:17:00+00:00","Bongo Net","recover","L2","B17",41.0248,-70.8885,"11th Bongo. Winch zeroed with weight and bongo at surface. L2 CTD avg SV of #### m/s = depth ##m. SV of 1500 m/s = depth 22m. Target depth 17m. TDR showed 15m. Max payout 18m. Wire angle ~35 deg. 20m/min down and 6m/min up",204,"EN712",2024,2,13,"05:17:00",2024-02-13 05:17:00,"2024-02-13 05:17:00+00:00",43.2201389,1.41,1.41
"333","2024-02-13 12:08:56+00:00","Bongo Net","deploy","MVCO","B20",41.3123,-70.5788,NA,220,"EN712",2024,2,13,"12:08:56",2024-02-13 12:08:56,"2024-02-13 12:08:00+00:00",43.5055556,1.46,1.46
"334","2024-02-13 12:12:57+00:00","Bongo Net","recover","MVCO","B20",41.3139,-70.5805,"12th Bongo. Winch zeroed with weight and bongo at surface. CTD avg SV of 1462 m/s = depth 19m. SV of 1500 m/s = depth 20-21m. Target depth 14m. TDR showed 8m. Target payout 17m. Wire angle ~35 deg at max payout. 17m/min down and 5m/min up. Freshwater rinsed with hose then snow and rain",221,"EN712",2024,2,13,"12:12:57",2024-02-13 12:12:57,"2024-02-13 12:12:00+00:00",43.5083333,1.51,1.51
"335","2024-05-03 18:14:30+00:00","Bongo Net","deploy","L1","B1",41.2076,-70.8918,"There was miss communication with the winch. We wanted wire out to be 26m but the winch only went to 22m wire out.",23,"EN715",2024,5,3,"18:14:30",2024-05-03 18:14:30,"2024-05-03 18:14:00+00:00",123.7597222,1.61,1.61
"336","2024-05-03 18:20:20+00:00","Bongo Net","recover","L1","B1",41.2095,-70.8893,NA,24,"EN715",2024,5,3,"18:20:20",2024-05-03 18:20:20,"2024-05-03 18:20:00+00:00",123.7638889,1.39,1.39
"337","2024-05-04 04:25:07+00:00","Bongo Net","deploy","L2","B2",41.0371,-70.8851,"The ring net got tangled at deployment so we had to pull the nets out of water to fixt it. This took about 5 minutes.",39,"EN715",2024,5,4,"04:25:07",2024-05-04 04:25:07,"2024-05-04 04:25:00+00:00",124.1840278,1.58,1.58
"338","2024-05-04 04:38:11+00:00","Bongo Net","recover","L2","B2",41.0416,-70.8866,NA,40,"EN715",2024,5,4,"04:38:11",2024-05-04 04:38:11,"2024-05-04 04:38:00+00:00",124.1930556,1.43,1.43
"339","2024-05-04 10:18:36+00:00","Bongo Net","deploy","L4","B5",40.6975,-70.8838,NA,61,"EN715",2024,5,4,"10:18:36",2024-05-04 10:18:36,"2024-05-04 10:18:00+00:00",124.4291667,1.3,1.3
"340","2024-05-04 10:25:44+00:00","Bongo Net","recover","L4","B5",40.699,-70.8862,NA,62,"EN715",2024,5,4,"10:25:44",2024-05-04 10:25:44,"2024-05-04 10:25:00+00:00",124.4340278,0.84,0.84
"341","2024-05-04 15:23:27+00:00","Bongo Net","other","L5","B6",40.5197,-70.8848,"Bongo hit bottom on first deployment so we had to do bongo again",65,"EN715",2024,5,4,"15:23:27",2024-05-04 15:23:27,"2024-05-04 15:23:00+00:00",124.6409722,1.61,1.61
"342","2024-05-04 15:44:25+00:00","Bongo Net","deploy","L5","B6",40.526,-70.8862,NA,63,"EN715",2024,5,4,"15:44:25",2024-05-04 15:44:25,"2024-05-04 15:44:00+00:00",124.6555556,1.52,1.52
"343","2024-05-04 15:54:16+00:00","Bongo Net","recover","L5","B6",40.5293,-70.8876,NA,64,"EN715",2024,5,4,"15:54:16",2024-05-04 15:54:16,"2024-05-04 15:54:00+00:00",124.6625,1.74,1.74
"344","2024-05-05 08:19:40+00:00","Bongo Net","deploy","L10","B7",39.9416,-70.8827,NA,95,"EN715",2024,5,5,"08:19:40",2024-05-05 08:19:40,"2024-05-05 08:19:00+00:00",125.3465278,1.6,1.6
"345","2024-05-05 08:46:48+00:00","Bongo Net","recover","L10","B7",39.951,-70.8735,NA,96,"EN715",2024,5,5,"08:46:48",2024-05-05 08:46:48,"2024-05-05 08:46:00+00:00",125.3652778,1.48,1.48
"346","2024-05-05 13:26:36+00:00","Bongo Net","deploy","L11","B10",39.775,-70.8828,NA,108,"EN715",2024,5,5,"13:26:36",2024-05-05 13:26:36,"2024-05-05 13:26:00+00:00",125.5597222,1.25,1.25
"347","2024-05-05 13:50:02+00:00","Bongo Net","recover","L11","B10",39.7793,-70.8744,NA,109,"EN715",2024,5,5,"13:50:02",2024-05-05 13:50:02,"2024-05-05 13:50:00+00:00",125.5763889,1.42,1.42
"348","2024-05-06 04:40:00+00:00","Bongo Net","other","L6","B13",40.3655,-70.8832,"Bongo hit bottom on first deployment so we had to do bongo again. Flowmeter includes start of 1st deployment until end of 2nd deployment.",150,"EN715",2024,5,6,"04:40:00",2024-05-06 04:40:00,"2024-05-06 04:40:00+00:00",126.1944444,1.78,1.78
"349","2024-05-06 05:13:06+00:00","Bongo Net","deploy","L6","B13",40.3668,-70.8676,NA,148,"EN715",2024,5,6,"05:13:06",2024-05-06 05:13:06,"2024-05-06 05:13:00+00:00",126.2173611,1.74,1.74
"350","2024-05-06 05:26:23+00:00","Bongo Net","recover","L6","B13",40.3658,-70.8609,"Flowmeter includes start of 1st deployment until end of 2nd deployment",149,"EN715",2024,5,6,"05:26:23",2024-05-06 05:26:23,"2024-05-06 05:26:00+00:00",126.2263889,2.16,2.16
"351","2024-05-06 07:21:14+00:00","Bongo Net","other","L8","B14",40.1491,-70.8841,"Bongo hit bottom on first deployment so we had to do bongo again",151,"EN715",2024,5,6,"07:21:14",2024-05-06 07:21:14,"2024-05-06 07:21:00+00:00",126.30625,1.46,1.46
"352","2024-05-06 07:55:52+00:00","Bongo Net","deploy","L8","B14",40.1427,-70.8744,NA,155,"EN715",2024,5,6,"07:55:52",2024-05-06 07:55:52,"2024-05-06 07:55:00+00:00",126.3298611,1.6,1.6
"353","2024-05-06 08:07:27+00:00","Bongo Net","recover","L8","B14",40.1417,-70.8707,NA,156,"EN715",2024,5,6,"08:07:27",2024-05-06 08:07:27,"2024-05-06 08:07:00+00:00",126.3381944,1.51,1.51
"354","2024-05-06 19:45:38+00:00","Bongo Net","deploy","L3","B15",40.8768,-70.8919,"Our target depth was 10m above the bottom depth instead of the usual 5m above the bottom. There was very little sample for 100um size fraction.",170,"EN715",2024,5,6,"19:45:38",2024-05-06 19:45:38,"2024-05-06 19:45:00+00:00",126.8229167,1.68,1.68
"355","2024-05-06 19:52:05+00:00","Bongo Net","recover","L3","B15",40.8742,-70.8907,NA,171,"EN715",2024,5,6,"19:52:05",2024-05-06 19:52:05,"2024-05-06 19:52:00+00:00",126.8277778,1.78,1.78
"356","2024-05-07 06:30:54+00:00","Bongo Net","deploy","L9","B18",40.0427,-70.8829,"Our target depth was 10m above the bottom depth instead of the usual 5m above the bottom.",217,"EN715",2024,5,7,"06:30:54",2024-05-07 06:30:54,"2024-05-07 06:30:00+00:00",127.2708333,1.02,1.02
"357","2024-05-07 07:02:45+00:00","Bongo Net","recover","L9","B18",40.057,-70.8826,NA,218,"EN715",2024,5,7,"07:02:45",2024-05-07 07:02:45,"2024-05-07 07:02:00+00:00",127.2930556,1.73,1.73
"358","2024-05-07 09:15:11+00:00","Bongo Net","deploy","L7","B19",40.2561,-70.8793,"We went back to our usual target depth of 5m above the bottom.",219,"EN715",2024,5,7,"09:15:11",2024-05-07 09:15:11,"2024-05-07 09:15:00+00:00",127.3854167,1.47,1.47
"359","2024-05-07 09:27:10+00:00","Bongo Net","recover","L7","B19",40.2552,-70.8751,NA,220,"EN715",2024,5,7,"09:27:10",2024-05-07 09:27:10,"2024-05-07 09:27:00+00:00",127.39375,1.41,1.41
"360","2024-05-08 05:11:06+00:00","Bongo Net","deploy","MVCO","B23",41.3157,-70.5794,NA,244,"EN715",2024,5,8,"05:11:06",2024-05-08 05:11:06,"2024-05-08 05:11:00+00:00",128.2159722,2.06,2.06
"361","2024-05-08 05:14:30+00:00","Bongo Net","recover","MVCO","B23",41.3147,-70.5775,NA,246,"EN715",2024,5,8,"05:14:30",2024-05-08 05:14:30,"2024-05-08 05:14:00+00:00",128.2180556,1.97,1.97
"362","2023-10-11 16:28:57+00:00","Bongo Net","deploy","L1","B1",41.194,-70.878,NA,12,"AR77",2023,10,11,"16:28:57",2023-10-11 16:28:57,"2023-10-11 16:28:42.986000+00:00",NA,1.39,1.66
"363","2023-10-11 16:30:00+00:00","Bongo Net","recover","L1","B1",41.194,-70.878,NA,13,"AR77",2023,10,11,"16:30:00",2023-10-11 16:30:00,"2023-10-11 16:30:42.986000+00:00",NA,1.41,1.38
"364","2023-10-12 03:06:00+00:00","Bongo Net","deploy","L2","B2",41.043,-70.885,NA,18,"AR77",2023,10,12,"03:06:00",2023-10-12 03:06:00,"2023-10-12 03:06:43.026000+00:00",NA,NA,1.34
"365","2023-10-12 03:15:00+00:00","Bongo Net","recover","L2","B2",41.047,-70.886,NA,19,"AR77",2023,10,12,"03:15:00",2023-10-12 03:15:00,"2023-10-12 03:15:43.027000+00:00",NA,NA,1.74
"366","2023-10-12 12:05:46+00:00","Bongo Net","deploy","L5","B5",40.511,-70.882,NA,29,"AR77",2023,10,12,"12:05:46",2023-10-12 12:05:46,"2023-10-12 12:05:43.061000+00:00",NA,NA,1.18
"367","2023-10-12 12:13:03+00:00","Bongo Net","recover","L5","B5",40.508,-70.88,NA,30,"AR77",2023,10,12,"12:13:03",2023-10-12 12:13:03,"2023-10-12 12:13:43.062000+00:00",NA,NA,1.2
"368","2023-10-13 03:27:00+00:00","Bongo Net","deploy","L10","B6",39.941,-70.885,NA,41,"AR77",2023,10,13,"03:27:00",2023-10-13 03:27:00,"2023-10-13 03:27:43.117000+00:00",NA,NA,0.67
"369","2023-10-13 03:48:00+00:00","Bongo Net","recover","L10","B6",39.939,-70.881,NA,42,"AR77",2023,10,13,"03:48:00",2023-10-13 03:48:00,"2023-10-13 03:48:43.118000+00:00",NA,NA,0.56
"370","2023-10-13 10:19:21+00:00","Bongo Net","deploy","L11","B8",39.773,-70.885,NA,97,"AR77",2023,10,13,"10:19:21",2023-10-13 10:19:21,"2023-10-13 10:19:43.142000+00:00",NA,NA,1.09
"371","2023-10-13 10:35:41+00:00","Bongo Net","recover","L11","B8",39.778,-70.887,NA,98,"AR77",2023,10,13,"10:35:41",2023-10-13 10:35:41,"2023-10-13 10:35:43.143000+00:00",NA,NA,1.07
"372","2023-10-13 20:36:00+00:00","Bongo Net","deploy","L6","B10",40.363,-70.884,NA,67,"AR77",2023,10,13,"20:36:00",2023-10-13 20:36:00,"2023-10-13 20:36:43.179000+00:00",NA,NA,1.18
"373","2023-10-13 20:45:00+00:00","Bongo Net","recover","L6","B10",40.364,-70.888,NA,68,"AR77",2023,10,13,"20:45:00",2023-10-13 20:45:00,"2023-10-13 20:45:43.179000+00:00",NA,NA,1.42
"374","2023-10-14 02:14:00+00:00","Bongo Net","deploy","L9","B13",40.029,-70.884,NA,75,"AR77",2023,10,14,"02:14:00",2023-10-14 02:14:00,"2023-10-14 02:14:43.199000+00:00",NA,NA,0.62
"375","2023-10-14 02:40:00+00:00","Bongo Net","recover","L9","B13",40.034,-70.886,NA,76,"AR77",2023,10,14,"02:40:00",2023-10-14 02:40:00,"2023-10-14 02:40:43.201000+00:00",NA,NA,0.16
"376","2023-10-14 08:13:38+00:00","Bongo Net","deploy","L8","B16",40.152,-70.886,NA,99,"AR77",2023,10,14,"08:13:38",2023-10-14 08:13:38,"2023-10-14 08:13:43.222000+00:00",NA,NA,1.48
"377","2023-10-14 08:29:45+00:00","Bongo Net","recover","L8","B16",40.157,-70.887,NA,100,"AR77",2023,10,14,"08:29:45",2023-10-14 08:29:45,"2023-10-14 08:29:43.223000+00:00",NA,NA,1.08
"378","2023-10-14 10:34:42+00:00","Bongo Net","deploy","L7","B17",40.258,-70.884,NA,101,"AR77",2023,10,14,"10:34:42",2023-10-14 10:34:42,"2023-10-14 10:34:43.230000+00:00",NA,NA,1.45
"379","2023-10-14 10:46:27+00:00","Bongo Net","recover","L7","B17",40.261,-70.887,NA,102,"AR77",2023,10,14,"10:46:27",2023-10-14 10:46:27,"2023-10-14 10:46:43.231000+00:00",NA,NA,0.93
"380","2023-10-14 21:16:00+00:00","Bongo Net","deploy","L3","B18",40.863,-70.885,NA,109,"AR77",2023,10,14,"21:16:00",2023-10-14 21:16:00,"2023-10-14 21:16:43.270000+00:00",NA,NA,1.48
"381","2023-10-14 21:21:22+00:00","Bongo Net","recover","L3","B18",40.862,-70.887,NA,110,"AR77",2023,10,14,"21:21:22",2023-10-14 21:21:22,"2023-10-14 21:21:43.270000+00:00",NA,NA,1.45
"382","2023-10-14 22:42:00+00:00","Bongo Net","deploy","L4","B19",40.694,-70.884,NA,112,"AR77",2023,10,14,"22:42:00",2023-10-14 22:42:00,"2023-10-14 22:42:43.275000+00:00",NA,NA,1.41
"383","2023-10-14 22:49:00+00:00","Bongo Net","recover","L4","B19",40.697,-70.884,NA,113,"AR77",2023,10,14,"22:49:00",2023-10-14 22:49:00,"2023-10-14 22:49:43.276000+00:00",NA,NA,1.13
"384","2023-10-16 09:10:43+00:00","Bongo Net","deploy","MVCO","B35",41.325,-70.578,"issue with winch wire reading",153,"AR77",2023,10,16,"09:10:43",2023-10-16 09:10:43,"2023-10-16 09:10:43.405000+00:00",NA,NA,2.07
"385","2023-10-16 09:17:17+00:00","Bongo Net","recover","MVCO","B35",41.327,-70.581,NA,154,"AR77",2023,10,16,"09:17:17",2023-10-16 09:17:17,"2023-10-16 09:17:43.406000+00:00",NA,NA,0.3
"386","2018-11-12 17:01:00+00:00","Bongo Net","deploy","L1","B1",41.195,-70.883,NA,4,"AR32",2018,11,12,"17:01:00",2018-11-12 17:01:00,"2018-11-12 17:01:51.568000+00:00",NA,1.96,2.23
"387","2018-11-12 19:47:00+00:00","Bongo Net","deploy","L3","B2",40.861,-70.882,NA,6,"AR32",2018,11,12,"19:47:00",2018-11-12 19:47:00,"2018-11-12 19:47:51.578000+00:00",NA,1.02,0.94
"388","2018-11-12 22:50:00+00:00","Bongo Net","deploy","L5","B3",40.508,-70.883,NA,13,"AR32",2018,11,12,"22:50:00",2018-11-12 22:50:00,"2018-11-12 22:50:51.589000+00:00",NA,1.89,2.15
"389","2018-11-13 00:48:00+00:00","Bongo Net","deploy","L6","B4",40.361,-70.876,NA,14,"AR32",2018,11,13,"00:48:00",2018-11-13 00:48:00,"2018-11-13 00:48:51.596000+00:00",NA,1.74,2.05
"390","2018-11-13 02:52:00+00:00","Bongo Net","deploy","L7","B5",40.227,-70.877,NA,17,"AR32",2018,11,13,"02:52:00",2018-11-13 02:52:00,"2018-11-13 02:52:51.603000+00:00",NA,1.57,1.28
"391","2018-11-13 05:52:00+00:00","Bongo Net","deploy","L10","B6",39.941,-70.893,NA,19,"AR32",2018,11,13,"05:52:00",2018-11-13 05:52:00,"2018-11-13 05:52:51.614000+00:00",NA,1.07,0.56
"392","2018-11-13 08:37:57+00:00","Bongo Net","deploy","L11","B7",39.776,-70.878,NA,22,"AR32",2018,11,13,"08:37:57",2018-11-13 08:37:57,"2018-11-13 08:37:51.624000+00:00",NA,0.77,0.97
"393","2019-09-20 05:06:05+00:00","Bongo Net","deploy","L6","B8",41.524,-70.672,"Net holded ~7min (wire stucked) when pulled back - wire out ~10m",28,"AR38",2019,9,21,"05:06:05",2019-09-21 05:06:00,"2019-09-21 05:06:35.286000+00:00",NA,1.99,1.92
"394","2019-09-20 18:46:50+00:00","Bongo Net","deploy",NA,NA,40.977,-70.876,NA,12,"AR38",2019,9,20,"18:46:50",2019-09-20 18:46:50,"2019-09-20 18:46:35.247000+00:00",NA,10.03,9.75
"395","2019-09-20 20:33:05+00:00","Bongo Net","deploy","L3","B2",40.856,-70.889,"deployed oblique",18,"AR38",2019,9,20,"20:33:05",2019-09-20 20:33:05,"2019-09-20 20:33:35.254000+00:00",NA,1.52,1.21
"396","2019-09-20 20:39:05+00:00","Bongo Net","recover","L3","B2",40.854,-70.89,NA,19,"AR38",2019,9,20,"20:39:05",2019-09-20 20:39:05,"2019-09-20 20:39:35.254000+00:00",NA,1.53,1.88
"397","2019-09-21 05:25:05+00:00","Bongo Net","recover","L6","B8",40.353,-70.893,"Net holded ~7min (wire stucked) when pulled back - wire out ~10m",29,"AR38",2019,9,21,"05:25:05",2019-09-21 05:25:05,"2019-09-21 05:25:35.287000+00:00",NA,-0.09,0.49
"398","2019-09-21 07:10:05+00:00","Bongo Net","deploy","L7","B9",40.223,-70.882,"Deployed from back deck - angle hard to measure",31,"AR38",2019,9,21,"07:10:05",2019-09-21 07:10:05,"2019-09-21 07:10:35.294000+00:00",NA,1.82,2.43
"399","2019-09-21 07:25:00+00:00","Bongo Net","recover","L7","B9",40.22,-70.89,NA,32,"AR38",2019,9,21,"07:25:00",2019-09-21 07:25:00,"2019-09-21 07:25:35.294000+00:00",NA,1.71,1.64
"400","2019-09-21 09:09:00+00:00","Bongo Net","deploy","L9","B10",40.096,-70.884,NA,34,"AR38",2019,9,21,"09:09:00",2019-09-21 09:09:00,"2019-09-21 09:09:35.301000+00:00",NA,0.8,1.69
"401","2019-09-21 09:27:00+00:00","Bongo Net","recover","L9","B10",40.095,-70.894,NA,35,"AR38",2019,9,21,"09:27:00",2019-09-21 09:27:00,"2019-09-21 09:27:35.302000+00:00",NA,1.61,1.6
"402","2019-09-21 11:32:00+00:00","Bongo Net","deploy","L10","B11",39.936,-70.886,NA,37,"AR38",2019,9,21,"11:32:00",2019-09-21 11:32:00,"2019-09-21 11:32:35.310000+00:00",NA,-0.21,0.39
"403","2019-09-21 11:59:00+00:00","Bongo Net","recover","L10","B11",39.935,-70.903,NA,38,"AR38",2019,9,21,"11:59:00",2019-09-21 11:59:00,"2019-09-21 11:59:35.312000+00:00",NA,1.65,2.21
"404","2019-09-21 15:18:00+00:00","Bongo Net","deploy","L11","B12",39.771,-70.892,NA,41,"AR38",2019,9,21,"15:18:00",2019-09-21 15:18:00,"2019-09-21 15:18:35.324000+00:00",NA,1.79,2.64
"405","2019-09-21 15:43:00+00:00","Bongo Net","recover","L11","B12",39.774,-70.91,NA,42,"AR38",2019,9,21,"15:43:00",2019-09-21 15:43:00,"2019-09-21 15:43:35.326000+00:00",NA,1.4,2.24
"406","2019-09-22 02:12:05+00:00","Bongo Net","deploy","L4","B14",40.702,-70.882,NA,49,"AR38",2019,9,22,"02:12:05",2019-09-22 02:12:05,"2019-09-22 02:12:35.365000+00:00",NA,2.16,1.59
"407","2019-09-22 02:20:00+00:00","Bongo Net","recover","L4","B14",40.704,-70.876,NA,50,"AR38",2019,9,22,"02:20:00",2019-09-22 02:20:00,"2019-09-22 02:20:35.365000+00:00",NA,2.46,2.32
"408","2019-09-22 04:37:00+00:00","Bongo Net","deploy","L3","B16",40.864,-70.882,NA,52,"AR38",2019,9,22,"04:37:00",2019-09-22 04:37:00,"2019-09-22 04:37:35.374000+00:00",NA,1.97,2.01
"409","2019-09-22 04:43:00+00:00","Bongo Net","recover","L3","B16",40.868,-70.881,NA,53,"AR38",2019,9,22,"04:43:00",2019-09-22 04:43:00,"2019-09-22 04:43:35.374000+00:00",NA,1.8,2.09
"410","2019-09-22 08:25:00+00:00","Bongo Net","deploy","L2","B19",41.03,-70.883,NA,57,"AR38",2019,9,22,"08:25:00",2019-09-22 08:25:00,"2019-09-22 08:25:35.388000+00:00",NA,1.38,1.59
"411","2019-09-22 08:30:00+00:00","Bongo Net","recover","L2","B19",41.032,-70.881,NA,58,"AR38",2019,9,22,"08:30:00",2019-09-22 08:30:00,"2019-09-22 08:30:35.388000+00:00",NA,1.97,2.1
"412","2021-11-09 00:25:00+00:00","Ring Net","deploy","L3","R3",40.865,-70.884,"target depth 51m",96,"AR61B",2021,11,9,"00:25:00",2021-11-09 00:25:00,"2021-11-09 00:25:06.017000+00:00",NA,0.2,0.72
"413","2021-11-09 00:29:00+00:00","Ring Net","recover","L3","R3",40.865,-70.884,NA,97,"AR61B",2021,11,9,"00:29:00",2021-11-09 00:29:00,"2021-11-09 00:29:06.017000+00:00",NA,-0.06,1.34
"414","2021-11-09 04:43:00+00:00","Ring Net","deploy","L5","R5",40.513,-70.884,"target depth 53m",98,"AR61B",2021,11,9,"04:43:00",2021-11-09 04:43:00,"2021-11-09 04:43:06.033000+00:00",NA,0.22,0.88
"415","2021-11-09 04:55:00+00:00","Ring Net","recover","L5","R5",40.513,-70.884,NA,99,"AR61B",2021,11,9,"04:55:00",2021-11-09 04:55:00,"2021-11-09 04:55:06.034000+00:00",NA,0.19,1.24
"416","2021-11-09 17:03:00+00:00","Ring Net","recover","L10","R7",39.94,-70.883,NA,101,"AR61B",2021,11,9,"17:03:00",2021-11-09 17:03:00,"2021-11-09 17:03:06.080000+00:00",NA,0.63,0.24
"417","2021-11-10 03:35:00+00:00","Ring Net","deploy","L11","R9",39.772,-70.864,"target depth 200m",94,"AR61B",2021,11,10,"03:35:00",2021-11-10 03:35:00,"2021-11-10 03:35:06.121000+00:00",NA,-0.31,0.92
"418","2021-11-10 03:50:00+00:00","Ring Net","recover","L11","R9",39.772,-70.857,NA,95,"AR61B",2021,11,10,"03:50:00",2021-11-10 03:50:00,"2021-11-10 03:50:06.122000+00:00",NA,0.33,0.51
"419","2021-11-10 14:18:00+00:00","Ring Net","deploy","L9","R11",40.098,-70.883,"target depth 144m",102,"AR61B",2021,11,10,"14:18:00",2021-11-10 14:18:00,"2021-11-10 14:18:06.162000+00:00",NA,0.19,0.48
"420","2021-11-10 14:29:00+00:00","Ring Net","recover","L9","R11",40.098,-70.883,NA,103,"AR61B",2021,11,10,"14:29:00",2021-11-10 14:29:00,"2021-11-10 14:29:06.162000+00:00",NA,0.23,0.23
"421","2021-11-10 16:49:00+00:00","Ring Net","deploy","L10","R7",40.117,-70.824,"target depth 200m",100,"AR61B",2021,11,10,"16:49:00",2021-11-10 16:49:00,"2021-11-10 16:49:06.171000+00:00",NA,10.6,10.31
"422","2021-11-11 14:27:00+00:00","Ring Net","deploy","L6","R18",40.364,-70.883,"target depth 93m",179,"AR61B",2021,11,11,"14:27:00",2021-11-11 14:27:00,"2021-11-11 14:27:06.254000+00:00",NA,0.01,0.2
"423","2021-11-11 14:34:00+00:00","Ring Net","recover","L6","R18",40.364,-70.883,NA,180,"AR61B",2021,11,11,"14:34:00",2021-11-11 14:34:00,"2021-11-11 14:34:06.255000+00:00",NA,-0.02,0.23
"424","2018-04-03 20:59:47+00:00","Ring Net","deploy","L1","R1",41.185,-70.883,"cast depth 17m",20,"AR28B",2018,4,3,"20:59:47",2018-04-03 20:52:00,"2018-04-03 20:52:24.041000+00:00",NA,0.21,0.33
"425","2018-04-03 22:25:02+00:00","Ring Net","deploy","L2","R2",41.031,-70.883,"cast depth 40m cod end broke free",21,"AR28B",2018,4,3,"22:25:02",2018-04-03 22:25:02,"2018-04-03 22:25:24.046000+00:00",NA,0.21,0.13
"426","2018-04-04 00:25:02+00:00","Ring Net","deploy","L3","R3",40.864,-70.885,"cast depth 50m?",22,"AR28B",2018,4,4,"00:25:02",2018-04-04 00:25:02,"2018-04-04 00:25:24.053000+00:00",NA,0.32,0.22
"427","2018-04-04 02:19:02+00:00","Ring Net","deploy","L4","R4",40.697,-70.883,"cast depth 62m",23,"AR28B",2018,4,4,"02:19:02",2018-04-04 02:19:02,"2018-04-04 02:19:24.060000+00:00",NA,0.14,0.45
"428","2018-04-04 04:30:02+00:00","Ring Net","deploy","L5","R5",40.529,-70.881,"cast depth 72m",24,"AR28B",2018,4,4,"04:30:02",2018-04-04 04:30:02,"2018-04-04 04:30:24.068000+00:00",NA,0.13,1.07
"429","2018-04-09 15:45:00+00:00","Ring Net","deploy","L10","R10",39.94,-70.882,"cast depth 438m",229,"AR28B",2018,4,9,"15:45:00",2018-04-09 15:45:00,"2018-04-09 15:45:24.557000+00:00",NA,0.55,0.21
"430","2018-04-10 02:55:02+00:00","Ring Net","deploy","L11","R12",39.773,-70.884,"cast depth 200m - salp central",230,"AR28B",2018,4,10,"02:55:02",2018-04-10 02:55:02,"2018-04-10 02:55:24.600000+00:00",NA,0.03,0.76
"431","2018-04-10 18:55:02+00:00","Ring Net","deploy","L9","R17",40.096,-70.885,"cast depth 145m",231,"AR28B",2018,4,10,"18:55:02",2018-04-10 18:55:02,"2018-04-10 18:55:24.660000+00:00",NA,-0.3,0.23
"432","2018-04-11 12:56:02+00:00","Ring Net","deploy","L7","R27",40.227,-70.885,"cast depth 120m",232,"AR28B",2018,4,11,"12:56:02",2018-04-11 12:56:02,"2018-04-11 12:56:24.729000+00:00",NA,0.11,0.16
"433","2018-04-11 18:40:02+00:00","Ring Net","deploy","L6","R28",40.359,-70.885,"cast depth 87m",233,"AR28B",2018,4,11,"18:40:02",2018-04-11 18:40:02,"2018-04-11 18:40:24.750000+00:00",NA,-0.84,0.37
"434","2018-04-12 12:40:02+00:00","Ring Net","deploy","L8","R37",40.137,-70.775,"cast depth 129m",234,"AR28B",2018,4,12,"12:40:02",2018-04-12 12:40:02,"2018-04-12 12:40:24.818000+00:00",NA,0.11,0.33
"435","2018-10-21 09:12:43+00:00","Ring Net","recover","L6","R1",40.386,-70.891,"approximate time of recovery: 0900 UTC",20,"AR31A",2018,10,21,"09:12:43",2018-10-21 08:56:00,"2018-10-21 08:56:27.381000+00:00",NA,0.71,0.24
"436","2018-10-21 10:32:00+00:00","Ring Net","deploy","L5","R2",40.514,-70.881,NA,23,"AR31A",2018,10,21,"10:32:00",2018-10-21 10:32:00,"2018-10-21 10:32:27.387000+00:00",NA,0.7,0.85
"437","2018-10-21 12:26:00+00:00","Ring Net","deploy","L4","R3",40.696,-70.884,NA,25,"AR31A",2018,10,21,"12:26:00",2018-10-21 12:26:00,"2018-10-21 12:26:27.394000+00:00",NA,0.86,0.46
"438","2019-04-15 05:06:00+00:00","Ring Net","deploy","L4","R2",40.698,-70.886,"LTER L4  target depth 62m",31,"AR34B",2019,4,15,"05:06:00",2019-04-15 05:06:00,"2019-04-15 05:06:21.646000+00:00",NA,0.91,0.08
"439","2019-04-15 05:12:00+00:00","Ring Net","recover","L4","R2",40.698,-70.887,NA,32,"AR34B",2019,4,15,"05:12:00",2019-04-15 05:12:00,"2019-04-15 05:12:21.647000+00:00",NA,0.25,0.21
"440","2019-04-15 06:47:00+00:00","Ring Net","deploy","L3","R3",40.864,-70.883,"LTER L3 target depth 51m",33,"AR34B",2019,4,15,"06:47:00",2019-04-15 06:47:00,"2019-04-15 06:47:21.653000+00:00",NA,0.3,0.2
"441","2019-04-15 06:54:00+00:00","Ring Net","recover","L3","R3",40.864,-70.884,NA,34,"AR34B",2019,4,15,"06:54:00",2019-04-15 06:54:00,"2019-04-15 06:54:21.653000+00:00",NA,-0.14,0.15
"442","2019-04-15 08:27:00+00:00","Ring Net","deploy","L2","R4",41.031,-70.881,"LTER L2  target depth 42m",35,"AR34B",2019,4,15,"08:27:00",2019-04-15 08:27:00,"2019-04-15 08:27:21.659000+00:00",NA,0.22,0.64
"443","2019-04-15 08:31:00+00:00","Ring Net","recover","L2","R4",41.031,-70.881,NA,36,"AR34B",2019,4,15,"08:31:00",2019-04-15 08:31:00,"2019-04-15 08:31:21.659000+00:00",NA,0.07,0.88
"444","2019-04-15 10:05:00+00:00","Ring Net","deploy","L1","R5",41.197,-70.883,"LTER L1  target depth 19m",37,"AR34B",2019,4,15,"10:05:00",2019-04-15 10:05:00,"2019-04-15 10:05:21.665000+00:00",NA,0.08,0.51
"445","2019-04-15 10:08:00+00:00","Ring Net","recover","L1","R5",41.197,-70.883,NA,38,"AR34B",2019,4,15,"10:08:00",2019-04-15 10:08:00,"2019-04-15 10:08:21.665000+00:00",NA,0.09,0.49
"446","2019-04-17 03:32:00+00:00","Ring Net","deploy","L7","R6",40.226,-70.885,"LTER L7 target depth 123m",88,"AR34B",2019,4,17,"03:32:00",2019-04-17 03:32:00,"2019-04-17 03:32:21.823000+00:00",NA,-0.14,1.01
"447","2019-04-17 03:40:53+00:00","Ring Net","recover","L7","R6",40.226,-70.884,NA,89,"AR34B",2019,4,17,"03:40:53",2019-04-17 03:40:53,"2019-04-17 03:40:21.823000+00:00",NA,-0.02,0.33
"448","2019-04-17 06:31:00+00:00","Ring Net","deploy","L5","R7",40.513,-70.884,"LTER L5 target depth 73m",90,"AR34B",2019,4,17,"06:31:00",2019-04-17 06:31:00,"2019-04-17 06:31:21.834000+00:00",NA,-0.06,0.83
"449","2019-04-17 06:35:00+00:00","Ring Net","recover","L5","R7",40.513,-70.884,NA,91,"AR34B",2019,4,17,"06:35:00",2019-04-17 06:35:00,"2019-04-17 06:35:21.834000+00:00",NA,-0.14,0.2
"450","2019-04-17 08:14:00+00:00","Ring Net","deploy","L6","R8",40.364,-70.884,"LTER L6 target depth 90m",94,"AR34B",2019,4,17,"08:14:00",2019-04-17 08:14:00,"2019-04-17 08:14:21.840000+00:00",NA,0.12,0.36
"451","2019-04-17 08:20:00+00:00","Ring Net","recover","L6","R8",40.364,-70.884,NA,95,"AR34B",2019,4,17,"08:20:00",2019-04-17 08:20:00,"2019-04-17 08:20:21.841000+00:00",NA,0.15,0.24
"452","2019-04-18 02:10:00+00:00","Ring Net","deploy","L8","R9",40.137,-70.776,"LTER L8 target depth 130m",86,"AR34B",2019,4,18,"02:10:00",2019-04-18 02:10:00,"2019-04-18 02:10:21.908000+00:00",NA,0.15,0.02
"453","2019-04-18 02:20:00+00:00","Ring Net","recover","L8","R9",40.137,-70.776,NA,87,"AR34B",2019,4,18,"02:20:00",2019-04-18 02:20:00,"2019-04-18 02:20:21.909000+00:00",NA,0.2,0.31
"454","2019-04-18 06:01:00+00:00","Ring Net","deploy","L11","R10",39.775,-70.883,"LTER L11 target depth 200m",92,"AR34B",2019,4,18,"06:01:00",2019-04-18 06:01:00,"2019-04-18 06:01:21.922000+00:00",NA,0.3,0.23
"455","2019-04-18 06:14:00+00:00","Ring Net","recover","L11","R10",39.775,-70.883,NA,93,"AR34B",2019,4,18,"06:14:00",2019-04-18 06:14:00,"2019-04-18 06:14:21.923000+00:00",NA,0.19,0.25
"456","2019-04-22 05:41:00+00:00","Ring Net","deploy","L9","R18",40.099,-70.884,"LTER L9 target depth 144m",147,"AR34B",2019,4,22,"05:41:00",2019-04-22 05:41:00,"2019-04-22 05:41:22.282000+00:00",NA,-0.2,0.51
"457","2019-04-22 05:51:00+00:00","Ring Net","recover","L9","R18",40.099,-70.884,NA,148,"AR34B",2019,4,22,"05:51:00",2019-04-22 05:51:00,"2019-04-22 05:51:22.283000+00:00",NA,0.06,0.69
"458","2019-10-05 22:57:45+00:00","Ring Net","deploy","L1","R1",41.195,-70.885,"Salps in separate container",17,"AR39B",2019,10,5,"22:57:45",2019-10-05 22:57:45,"2019-10-05 22:57:51.917000+00:00",NA,0,0.09
"459","2019-10-06 00:30:00+00:00","Ring Net","deploy","L2","R2",41.03,-70.883,"salps in separate container",24,"AR39B",2019,10,6,"00:30:00",2019-10-06 00:30:00,"2019-10-06 00:30:51.922000+00:00",NA,-0.29,0.19
"460","2019-10-06 02:15:00+00:00","Ring Net","deploy","L3","R3",40.863,-70.883,"Salps in separate container",30,"AR39B",2019,10,6,"02:15:00",2019-10-06 02:15:00,"2019-10-06 02:15:51.929000+00:00",NA,-0.34,0.24
"461","2019-10-06 04:05:00+00:00","Ring Net","deploy","L4","R4",40.697,-70.884,"salps in separate container",34,"AR39B",2019,10,6,"04:05:00",2019-10-06 04:05:00,"2019-10-06 04:05:51.936000+00:00",NA,-0.03,0.24
"462","2019-10-06 06:02:00+00:00","Ring Net","deploy","L5","R5",40.515,-70.885,"salps in separate container",49,"AR39B",2019,10,6,"06:02:00",2019-10-06 06:02:00,"2019-10-06 06:02:51.942000+00:00",NA,0.3,0.18
"463","2019-10-06 14:56:30+00:00","Ring Net","deploy","L6","R6",40.364,-70.883,"salps in separate container",46,"AR39B",2019,10,6,"14:56:30",2019-10-06 14:56:30,"2019-10-06 14:56:51.976000+00:00",NA,0.02,0.33
"464","2019-10-07 14:29:00+00:00","Ring Net","deploy","L8","R7",40.138,-70.774,"no salps saved",90,"AR39B",2019,10,7,"14:29:00",2019-10-07 14:29:00,"2019-10-07 14:29:52.063000+00:00",NA,0.2,0.97
"465","2019-10-07 19:09:00+00:00","Ring Net","deploy","L7","R8",40.227,-70.883,"no salps saved",91,"AR39B",2019,10,7,"19:09:00",2019-10-07 19:09:00,"2019-10-07 19:09:52.079000+00:00",NA,0.15,0.58
"466","2019-10-08 03:00:00+00:00","Ring Net","deploy","L9","R9",40.095,-70.887,NA,100,"AR39B",2019,10,8,"03:00:00",2019-10-08 03:00:00,"2019-10-08 03:00:52.107000+00:00",NA,-0.1,0.97
"467","2019-10-08 06:33:00+00:00","Ring Net","deploy","L11","R10",39.773,-70.886,"largers organisms spereate",101,"AR39B",2019,10,8,"06:33:00",2019-10-08 06:33:00,"2019-10-08 06:33:52.119000+00:00",NA,0.28,0.98
"468","2019-10-08 20:20:00+00:00","Ring Net","deploy","L10","R11",39.939,-70.882,"salps in seperate container",128,"AR39B",2019,10,8,"20:20:00",2019-10-08 20:20:00,"2019-10-08 20:20:52.170000+00:00",NA,0.15,0.42
"469","2021-11-26 18:12:53+00:00","Bongo Net","recover","L2","B1",41.028732,-70.889551,NA,16,"AR63",2021,11,26,"18:12:53",2021-11-26 18:12:53,"2021-11-26 18:12:17.398000+00:00",NA,1.74,1.71
"470","2021-11-26 18:03:00+00:00","Bongo Net","deploy","L2","B1",41.029127,-70.884557,NA,17,"AR63",2021,11,26,"18:03:00",2021-11-26 18:03:00,"2021-11-26 18:03:17.397000+00:00",NA,1.73,1.14
"471","2021-11-28 02:20:13+00:00","Bongo Net","deploy","L7","B7",40.225701,-70.886537,NA,48,"AR63",2021,11,28,"02:20:13",2021-11-28 02:20:13,"2021-11-28 02:20:17.511000+00:00",NA,0.56,1.88
"472","2021-11-28 02:36:51+00:00","Bongo Net","recover","L7","B7",40.22898,-70.89664,NA,49,"AR63",2021,11,28,"02:36:51",2021-11-28 02:36:51,"2021-11-28 02:36:17.512000+00:00",NA,0.93,1.86
"473","2021-11-28 06:34:00+00:00","Bongo Net","recover","L4","B8",40.696341,-70.884847,"dolphins and gulls wire angle 25 @bottom",53,"AR63",2021,11,28,"06:34:00",2021-11-28 06:34:00,"2021-11-28 06:34:17.526000+00:00",NA,1.03,1.46
"474","2021-11-28 06:19:00+00:00","Bongo Net","deploy","L4","B8",40.696569,-70.88303,"5 min at surface while ship came up to speed",54,"AR63",2021,11,28,"06:19:00",2021-11-28 06:19:00,"2021-11-28 06:19:17.525000+00:00",NA,0.23,0.8
"475","2022-04-20 17:35:00+00:00","Ring Net","deploy","L3","R2",40.862962,-70.883101,"Target Depth 52m",18,"AR66B",2022,4,20,"17:35:00",2022-04-20 17:35:00,"2022-04-20 17:35:14.894000+00:00",NA,0.16,0.28
"476","2022-04-20 22:29:14+00:00","Ring Net","deploy","L5","R4",40.512558,-70.882168,"Target Depth 73m",27,"AR66B",2022,4,20,"22:29:14",2022-04-20 22:29:14,"2022-04-20 22:29:14.912000+00:00",NA,0.02,0.91
"477","2022-04-20 22:35:30+00:00","Ring Net","recover","L5","R4",40.512535,-70.882172,"Target Depth 73m",28,"AR66B",2022,4,20,"22:35:30",2022-04-20 22:35:30,"2022-04-20 22:35:14.912000+00:00",NA,-0.04,0.46
"478","2022-04-21 15:52:24+00:00","Ring Net","deploy","L10","R6",39.940094,-70.87972,"Target Depth 200m",41,"AR66B",2022,4,21,"15:52:24",2022-04-21 15:52:24,"2022-04-21 15:52:14.975000+00:00",NA,0.24,0.76
"479","2022-04-20 17:40:00+00:00","Ring Net","recover","L3","R2",40.862958,-70.883084,"Target Depth 52m",48,"AR66B",2022,4,20,"17:40:00",2022-04-20 17:40:00,"2022-04-20 17:40:14.895000+00:00",NA,0.42,0.28
"480","2022-04-21 16:07:00+00:00","Ring Net","recover","L10","R6",39.942374,-70.878484,"Target Depth 200m",49,"AR66B",2022,4,21,"16:07:00",2022-04-21 16:07:00,"2022-04-21 16:07:14.976000+00:00",NA,-0.39,1.06
"481","2022-04-22 02:40:00+00:00","Ring Net","deploy","L11","R8",39.775476,-70.87314,"Target Depth 200m",119,"AR66B",2022,4,22,"02:40:00",2022-04-22 02:40:00,"2022-04-22 02:40:15.015000+00:00",NA,NA,0.69
"482","2022-04-22 02:55:00+00:00","Ring Net","recover","L11","R8",39.77653,-70.868857,"Target Depth 200m",120,"AR66B",2022,4,22,"02:55:00",2022-04-22 02:55:00,"2022-04-22 02:55:15.016000+00:00",NA,NA,0.9
"483","2022-04-23 15:45:00+00:00","Ring Net","deploy","L9","R15",40.098068,-70.887222,"Target Depth 144m",121,"AR66B",2022,4,23,"15:45:00",2022-04-23 15:45:00,"2022-04-23 15:45:15.152000+00:00",NA,0.07,0.04
"484","2022-04-23 15:55:00+00:00","Ring Net","recover","L9","R15",40.098059,-70.888144,"Target Depth 144m",122,"AR66B",2022,4,23,"15:55:00",2022-04-23 15:55:00,"2022-04-23 15:55:15.152000+00:00",NA,0.03,0.39
"485","2022-04-24 14:48:00+00:00","Ring Net","deploy","L7","R19",40.226381,-70.883644,"Target Depth 144m",123,"AR66B",2022,4,24,"14:48:00",2022-04-24 14:48:00,"2022-04-24 14:48:15.236000+00:00",NA,0.36,0.37
"486","2022-04-24 14:55:00+00:00","Ring Net","recover","L7","R19",40.226226,-70.884471,"Target Depth 123m",124,"AR66B",2022,4,24,"14:55:00",2022-04-24 14:55:00,"2022-04-24 14:55:15.237000+00:00",NA,0.98,0.36
"487","2022-04-24 22:50:00+00:00","Ring Net","recover","L8","R20",40.134149,-70.770102,"Target Depth 130m",125,"AR66B",2022,4,24,"22:50:00",2022-04-24 22:50:00,"2022-04-24 22:50:15.265000+00:00",NA,-0.03,0.2
"488","2022-04-24 22:41:00+00:00","Ring Net","deploy","L8","R20",40.134111,-70.770087,"Target Depth 132m",126,"AR66B",2022,4,24,"22:41:00",2022-04-24 22:41:00,"2022-04-24 22:41:15.264000+00:00",NA,0.04,0.12
"489","2022-04-25 21:43:00+00:00","Ring Net","recover","L6","R22",40.361614,-70.875987,"Target Depth 91m",230,"AR66B",2022,4,25,"21:43:00",2022-04-25 21:43:00,"2022-04-25 21:43:15.350000+00:00",NA,-0.05,0.4
"490","2022-04-25 21:35:00+00:00","Ring Net","deploy","L6","R22",40.361614,-70.876003,"Target Depth 91m",231,"AR66B",2022,4,25,"21:35:00",2022-04-25 21:35:00,"2022-04-25 21:35:15.350000+00:00",NA,0.05,0.25
"491","2024-09-06 19:23:20+00:00","Bongo Net","deploy","L1","B2",41.196602,-70.880945,NA,17,"EN720",2024,9,6,"19:23:20",2024-09-06 19:23:20,NA,NA,NA,NA
"492","2024-09-06 19:30:58+00:00","Bongo Net","recover","L1","B2",41.20067,-70.882368,NA,20,"EN720",2024,9,6,"19:30:58",2024-09-06 19:30:58,NA,NA,NA,NA
"493","2024-09-07 02:36:36+00:00","Bongo Net","deploy","L2","B3",41.039838,-70.88261,NA,35,"EN720",2024,9,7,"02:36:36",2024-09-07 02:36:36,NA,NA,NA,NA
"494","2024-09-07 02:44:14+00:00","Bongo Net","recover","L2","B3",41.043612,-70.883568,NA,36,"EN720",2024,9,7,"02:44:14",2024-09-07 02:44:14,NA,NA,NA,NA
"495","2024-09-07 09:50:36+00:00","Bongo Net","deploy","L4","B6",40.695798,-70.885415,NA,52,"EN720",2024,9,7,"09:50:36",2024-09-07 09:50:36,NA,NA,NA,NA
"496","2024-09-07 10:01:42+00:00","Bongo Net","recover","L4","B6",40.696927,-70.895537,NA,55,"EN720",2024,9,7,"10:01:42",2024-09-07 10:01:42,NA,NA,NA,NA
"497","2024-09-07 17:46:25+00:00","Bongo Net","deploy","L5","B7",40.511802,-70.886245,NA,61,"EN720",2024,9,7,"17:46:25",2024-09-07 17:46:25,NA,NA,NA,NA
"498","2024-09-07 17:55:29+00:00","Bongo Net","recover","L5","B7",40.516832,-70.887197,NA,62,"EN720",2024,9,7,"17:55:29",2024-09-07 17:55:29,NA,NA,NA,NA
"499","2024-09-08 06:01:44+00:00","Bongo Net","deploy","L10","B8",39.941188,-70.899967,"added elog entry later - fixed time",94,"EN720",2024,9,8,"06:01:44",2024-09-08 06:01:44,NA,NA,NA,NA
"500","2024-09-08 06:36:02+00:00","Bongo Net","recover","L10","B8",39.933265,-70.925058,"added elog entry later - fixed time",95,"EN720",2024,9,8,"06:36:02",2024-09-08 06:36:02,NA,NA,NA,NA
"501","2024-09-08 11:58:04+00:00","Bongo Net","deploy","L11","B11",39.774018,-70.883947,NA,100,"EN720",2024,9,8,"11:58:04",2024-09-08 11:58:04,NA,NA,NA,NA
"502","2024-09-08 12:28:35+00:00","Bongo Net","recover","L11","B11",39.77516,-70.914673,NA,101,"EN720",2024,9,8,"12:28:35",2024-09-08 12:28:35,NA,NA,NA,NA
"503","2024-09-09 04:57:24+00:00","Bongo Net","deploy","L6","B14",40.361348,-70.888342,NA,151,"EN720",2024,9,9,"04:57:24",2024-09-09 04:57:24,NA,NA,NA,NA
"504","2024-09-09 05:10:20+00:00","Bongo Net","recover","L6","B14",40.35674,-70.89736,NA,152,"EN720",2024,9,9,"05:10:20",2024-09-09 05:10:20,NA,NA,NA,NA
"505","2024-09-09 08:17:36+00:00","Bongo Net","deploy","L8","B15",40.152877,-70.88908,NA,154,"EN720",2024,9,9,"08:17:36",2024-09-09 08:17:36,NA,NA,NA,NA
"506","2024-09-09 08:37:24+00:00","Bongo Net","recover","L8","B15",40.156003,-70.900558,NA,160,"EN720",2024,9,9,"08:37:24",2024-09-09 08:37:24,NA,NA,NA,NA
"507","2024-09-09 20:59:27+00:00","Bongo Net","deploy","L7","B16",40.256493,-70.884827,NA,175,"EN720",2024,9,9,"20:59:27",2024-09-09 20:59:27,NA,NA,NA,NA
"508","2024-09-09 21:15:36+00:00","Bongo Net","recover","L7","B16",40.247167,-70.887108,NA,176,"EN720",2024,9,9,"21:15:36",2024-09-09 21:15:36,NA,NA,NA,NA
"509","2024-09-10 07:14:00+00:00","Bongo Net","deploy","L9","B19",40.030837,-70.883068,NA,209,"EN720",2024,9,10,"07:14:00",2024-09-10 07:14:00,NA,NA,NA,NA
"510","2024-09-10 07:40:14+00:00","Bongo Net","recover","L9","B19",40.020245,-70.882823,NA,210,"EN720",2024,9,10,"07:40:14",2024-09-10 07:40:14,NA,NA,NA,NA
"511","2024-09-10 21:12:03+00:00","Bongo Net","deploy","L3","B20",40.857203,-70.881698,NA,223,"EN720",2024,9,10,"21:12:03",2024-09-10 21:12:03,NA,NA,NA,NA
"512","2024-09-10 21:22:53+00:00","Bongo Net","recover","L3","B20",40.851358,-70.881873,NA,224,"EN720",2024,9,10,"21:22:53",2024-09-10 21:22:53,NA,NA,NA,NA
"513","2024-09-11 05:53:05+00:00","Bongo Net","deploy","MVCO","B24",41.315973,-70.585915,NA,241,"EN720",2024,9,11,"05:53:05",2024-09-11 05:53:05,NA,NA,NA,NA
"514","2024-09-11 05:59:16+00:00","Bongo Net","recover","MVCO","B24",41.31428,-70.589727,NA,242,"EN720",2024,9,11,"05:59:16",2024-09-11 05:59:16,NA,NA,NA,NA
